City,Municipality,Muni Code,"Persons 65 years and over, percent","Female persons, percent","White alone, percent","Black or African American alone, percent","Foreign born persons, percent, 2014-2018","Owner-occupied housing unit rate, 2014-2018","Median selected monthly owner costs -with a mortgage, 2014-2018","Median selected monthly owner costs -without a mortgage, 2014-2018","Median gross rent, 2014-2018","Persons per household, 2014-2018","Language other than English spoken at home, percent of persons age 5 years+, 2014-2018","Households with a computer, percent, 2014-2018","High school graduate or higher, percent of persons age 25 years+, 2014-2018","Bachelor's degree or higher, percent of persons age 25 years+, 2014-2018","With a disability, under age 65 years, percent, 2014-2018","In civilian labor force, female, percent of population age 16 years+, 2014-2018","Mean travel time to work (minutes), workers age 16 years+, 2014-2018","Median household income (in 2018 dollars), 2014-2018","Persons in poverty, percent","All firms, 2012","Population per square mile, 2010"
Absecon,Absecon,101.0,22.30%,51.40%,79.30%,8.90%,9.80%,83.50%,"$2,050 ",$905 ,"$1,356 ",2.63,13.80%,90.80%,90.90%,28.60%,7.80%,59.50%,23.0,"$73,560 ",6.60%,725,"1,558.70"
Atlantic City,Atlantic City,102.0,13.60%,49.10%,31.30%,35.50%,33.00%,26.70%,"$1,999 ",$953 ,$872 ,2.46,48.10%,74.30%,73.50%,16.40%,11.80%,55.20%,21.3,"$27,786 ",37.70%,"2,520","3,680.80"
Brigantine,Brigantine,103.0,28.40%,52.80%,91.60%,1.40%,8.80%,72.60%,"$2,259 ",$957 ,"$1,263 ",2.17,13.50%,91.00%,92.70%,34.70%,8.30%,55.10%,29.8,"$71,483 ",9.90%,941,"1,479.60"
Buena,Buena Borough,104.0,17.50%,50.10%,79.90%,9.80%,5.40%,83.80%,"$1,801 ",$718 ,"$1,320 ",2.9,11.80%,91.80%,84.40%,16.10%,9.20%,64.30%,30.9,"$63,376 ",13.10%,534,184.4
Egg Harbor City,Egg Harbor City,107.0,13.60%,53.20%,67.90%,8.50%,16.40%,86.80%,"$2,115 ",$817 ,"$1,001 ",2.99,30.70%,94.90%,88.90%,31.80%,8.10%,66.60%,22.3,"$78,772 ",10.00%,"3,546",650.5
Hammonton,Hammonton,113.0,18.30%,51.10%,82.10%,3.10%,10.50%,71.00%,"$2,066 ",$921 ,"$1,182 ",2.66,24.30%,87.50%,85.80%,25.20%,9.10%,59.00%,28.5,"$71,313 ",11.30%,"1,317",361.8
Linwood,Linwood,114.0,21.10%,52.80%,90.50%,1.50%,6.80%,86.10%,"$2,638 ","$1,228 ","$1,566 ",2.68,11.30%,92.50%,95.90%,49.80%,7.10%,59.40%,22.2,"$95,034 ",2.10%,"1,052","1,834.90"
Margate City,Margate City,116.0,39.00%,51.90%,93.60%,1.90%,6.60%,82.10%,"$2,613 ","$1,074 ","$1,279 ",1.99,8.70%,89.60%,95.30%,49.40%,6.20%,47.10%,26.8,"$79,375 ",6.30%,722,"4,490.50"
Northfield,Northfield,118.0,16.30%,54.80%,88.90%,1.70%,11.60%,90.90%,"$2,101 ",$965 ,"$1,703 ",2.89,19.70%,94.40%,92.20%,36.90%,6.80%,62.90%,21.2,"$78,191 ",8.70%,"1,471","2,533.50"
Pleasantville,Pleasantville,119.0,11.90%,52.60%,40.50%,42.90%,25.00%,48.20%,"$1,706 ",$839 ,"$1,172 ",2.97,44.60%,85.10%,76.90%,12.50%,10.40%,60.40%,20.8,"$40,614 ",21.30%,"1,058","3,556.20"
Somers Point,Somers Point,121.0,18.00%,54.20%,78.30%,14.60%,9.40%,58.20%,"$1,852 ",$847 ,"$1,093 ",2.34,13.50%,89.10%,89.10%,28.60%,8.60%,65.30%,22.7,"$60,061 ",11.10%,"1,097","2,678.70"
Ventnor City,Ventnor City,122.0,23.40%,52.60%,81.20%,4.40%,21.90%,62.20%,"$2,210 ","$1,030 ","$1,166 ",2.44,36.00%,87.60%,88.70%,30.10%,9.00%,55.10%,25.4,"$55,484 ",12.50%,968,"5,458.70"
Allendale,Allendale Borough,201.0,13.40%,55.60%,85.90%,1.20%,9.80%,85.40%,"$3,636 ","$1,500+","$1,921 ",2.96,13.10%,93.90%,97.70%,71.30%,3.60%,52.90%,35.9,"$158,977 ",1.60%,659,"2,100.40"
Bergenfield,Bergenfield Borough,203.0,14.90%,52.30%,52.90%,6.90%,39.30%,67.30%,"$2,690 ","$1,141 ","$1,355 ",3.12,49.60%,93.00%,90.40%,42.60%,4.00%,64.40%,33.6,"$96,713 ",5.50%,"2,400","9,306.00"
Bogota,Bogota Borough,204.0,12.50%,52.80%,69.00%,11.10%,32.70%,70.10%,"$2,688 ","$1,180 ","$1,359 ",2.91,47.50%,92.20%,88.70%,29.20%,5.40%,62.00%,30.7,"$83,517 ",7.60%,702,"10,702.00"
Carlstadt,Carlstadt Borough,205.0,17.40%,51.10%,86.70%,0.70%,31.90%,64.60%,"$2,548 ",$898 ,"$1,260 ",2.67,43.20%,93.10%,89.00%,37.60%,4.90%,67.90%,27.0,"$100,792 ",1.20%,"1,115","1,532.10"
Cliffside Park,Cliffside Park Borough,206.0,21.70%,53.00%,67.20%,3.40%,47.70%,47.10%,"$2,785 ","$1,365 ","$1,392 ",2.36,61.80%,87.90%,89.50%,42.70%,4.40%,54.50%,37.1,"$66,952 ",12.30%,"2,956","24,500.50"
Closter,Closter Borough,207.0,15.40%,49.60%,58.90%,1.60%,37.00%,83.00%,"$3,512 ","$1,471 ","$2,081 ",3.08,45.10%,96.00%,95.60%,62.80%,4.60%,56.50%,35.5,"$132,544 ",2.60%,"1,308","2,646.30"
Cresskill,Cresskill Borough,208.0,16.20%,51.50%,66.20%,0.40%,34.90%,83.30%,"$4,000+","$1,387 ","$2,500 ",3.0,40.90%,94.30%,94.80%,63.40%,4.10%,52.90%,39.1,"$138,256 ",4.10%,"1,122","4,153.60"
Dumont,Dumont Borough,210.0,18.00%,51.60%,73.20%,5.20%,27.60%,71.80%,"$2,910 ","$1,216 ","$1,203 ",2.77,37.20%,88.60%,92.40%,43.80%,4.10%,64.40%,33.1,"$96,017 ",5.20%,"1,397","8,814.40"
East Rutherford,East Rutherford Borough,212.0,16.40%,51.20%,69.30%,6.40%,32.90%,36.30%,"$2,413 ","$1,053 ","$1,444 ",2.49,49.20%,88.90%,93.00%,42.70%,5.80%,58.80%,28.8,"$78,429 ",10.70%,"1,089","2,403.10"
Edgewater,Edgewater Borough,213.0,12.80%,53.20%,55.00%,4.60%,42.80%,32.90%,"$3,107 ","$1,483 ","$2,365 ",2.12,50.90%,92.60%,96.40%,68.90%,2.50%,60.30%,40.8,"$107,143 ",8.50%,"1,603","12,313.40"
Elmwood Park,Elmwood Park Borough,211.0,15.10%,52.20%,73.50%,7.50%,31.00%,56.00%,"$2,660 ","$1,017 ","$1,572 ",2.91,49.50%,89.50%,90.30%,28.60%,5.60%,64.90%,25.1,"$77,887 ",7.90%,"1,992","7,327.40"
Emerson,Emerson Borough,214.0,18.70%,54.30%,84.00%,0.60%,20.90%,83.20%,"$3,065 ","$1,325 ","$1,896 ",2.94,27.30%,95.20%,91.60%,40.80%,6.70%,58.70%,30.6,"$123,808 ",4.50%,989,"3,359.50"
Englewood,Englewood,215.0,15.90%,52.20%,52.60%,29.40%,35.10%,52.80%,"$2,759 ","$1,134 ","$1,423 ",2.64,36.00%,93.20%,90.20%,43.90%,4.40%,62.80%,33.9,"$84,342 ",11.80%,"4,360","5,524.40"
Englewood Cliffs,Englewood Cliffs Borough,216.0,25.10%,50.70%,52.60%,1.40%,44.20%,86.50%,"$3,984 ","$1,473 ","$3,259 ",2.99,56.70%,96.40%,94.80%,65.60%,2.00%,43.30%,37.8,"$145,729 ",1.70%,"1,407","2,528.00"
Fair Lawn,Fair Lawn Borough,217.0,16.40%,52.40%,82.90%,1.90%,29.50%,80.10%,"$2,776 ","$1,180 ","$1,629 ",2.87,41.20%,94.50%,94.70%,54.20%,4.40%,63.60%,32.7,"$115,512 ",3.50%,"3,752","6,315.80"
Fairview,Fairview Borough,218.0,14.50%,52.60%,75.50%,3.90%,53.00%,33.80%,"$2,551 ","$1,060 ","$1,384 ",2.64,72.80%,84.00%,71.50%,20.00%,3.40%,56.20%,32.9,"$57,706 ",12.90%,"1,727","16,431.10"
Fort Lee,Fort Lee Borough,219.0,24.70%,53.00%,49.80%,2.50%,51.50%,58.40%,"$2,637 ","$1,051 ","$1,800 ",2.17,58.80%,91.00%,94.00%,58.90%,2.70%,51.50%,38.8,"$78,093 ",11.40%,"5,539","13,909.90"
Franklin Lakes,Franklin Lakes Borough,220.0,20.90%,50.10%,85.00%,2.40%,19.50%,87.90%,"$4,000+","$1,500+","$2,564 ",2.89,30.60%,96.20%,98.30%,65.90%,3.80%,54.60%,32.4,"$159,883 ",1.20%,"1,405","1,129.10"
Garfield,Garfield,221.0,11.20%,52.20%,83.20%,4.20%,41.70%,38.20%,"$2,339 ",$982 ,"$1,283 ",2.79,60.60%,89.50%,85.80%,20.00%,6.60%,56.90%,27.2,"$57,161 ",16.60%,"2,755","14,524.50"
Glen Rock,Glen Rock Borough,222.0,13.60%,49.70%,84.30%,1.40%,12.10%,94.80%,"$3,746 ","$1,500+","$1,705 ",3.12,16.00%,95.20%,98.00%,73.70%,2.70%,56.30%,39.9,"$166,450 ",3.10%,"1,514","4,274.50"
Hackensack,Hackensack,223.0,14.20%,51.60%,48.30%,25.00%,39.30%,33.50%,"$2,362 ","$1,101 ","$1,390 ",2.3,48.00%,89.90%,87.40%,36.30%,6.30%,63.40%,31.4,"$67,188 ",12.90%,"5,912","10,289.50"
Hasbrouck Heights,Hasbrouck Heights Borough,225.0,17.10%,50.40%,74.00%,5.80%,26.70%,64.70%,"$2,884 ","$1,268 ","$1,396 ",2.85,35.40%,91.20%,93.00%,42.20%,6.40%,61.40%,28.3,"$91,911 ",8.40%,"1,308","7,863.20"
Hillsdale,Hillsdale Borough,227.0,16.40%,51.80%,85.70%,2.90%,14.20%,85.80%,"$3,373 ","$1,417 ","$1,395 ",2.88,17.50%,96.10%,95.80%,53.00%,3.00%,64.10%,33.8,"$140,694 ",4.50%,"1,016","3,465.20"
Leonia,Leonia Borough,229.0,17.50%,51.50%,50.80%,3.10%,40.90%,59.60%,"$3,403 ","$1,500+","$1,403 ",2.73,53.70%,92.20%,92.30%,55.80%,3.30%,57.10%,33.6,"$96,131 ",8.50%,"1,079","5,818.40"
Little Ferry,Little Ferry Borough,230.0,14.00%,51.70%,64.00%,2.40%,44.80%,40.20%,"$2,399 ","$1,143 ","$1,326 ",2.51,61.10%,92.30%,86.90%,31.50%,4.30%,59.80%,29.1,"$61,144 ",10.30%,925,"7,199.20"
Lodi,Lodi Borough,231.0,14.00%,51.10%,74.70%,7.50%,39.20%,40.70%,"$2,715 ","$1,241 ","$1,316 ",2.73,55.90%,91.00%,84.70%,24.60%,6.40%,62.30%,26.3,"$60,651 ",10.70%,"2,552","10,656.10"
Maywood,Maywood Borough,234.0,18.00%,54.30%,73.20%,4.20%,27.10%,62.90%,"$2,805 ","$1,097 ","$1,460 ",2.75,35.80%,87.20%,93.50%,36.80%,5.60%,62.00%,26.0,"$88,143 ",6.00%,886,"7,430.00"
Midland Park,Midland Park Borough,235.0,17.00%,50.30%,94.30%,1.20%,10.60%,69.50%,"$3,285 ","$1,344 ","$1,711 ",2.78,10.50%,92.70%,94.00%,44.10%,4.30%,68.90%,28.9,"$119,231 ",4.50%,"1,056","4,583.90"
Montvale,Montvale Borough,236.0,18.40%,54.10%,77.50%,3.20%,19.60%,84.00%,"$3,541 ","$1,327 ","$1,747 ",2.95,30.70%,91.90%,96.10%,55.70%,2.80%,60.20%,39.8,"$128,641 ",6.80%,"1,077","1,961.00"
New Milford,New Milford Borough,238.0,16.20%,50.30%,69.50%,3.40%,30.80%,62.60%,"$3,142 ","$1,260 ","$1,424 ",2.82,43.90%,93.10%,94.00%,43.20%,4.80%,63.50%,32.8,"$91,900 ",5.60%,"1,445","7,186.00"
North Arlington,North Arlington Borough,239.0,18.00%,50.10%,81.00%,2.60%,31.80%,52.10%,"$2,662 ","$1,085 ","$1,350 ",2.51,43.30%,88.40%,89.30%,33.00%,7.90%,57.80%,32.8,"$75,291 ",11.20%,"1,083","6,010.20"
Norwood,Norwood Borough,241.0,21.00%,55.00%,69.00%,0.50%,25.20%,81.20%,"$3,364 ","$1,321 ","$1,732 ",2.63,32.80%,91.00%,94.40%,54.20%,3.10%,53.20%,35.4,"$127,386 ",4.00%,868,"2,093.50"
Oakland,Oakland Borough,242.0,15.20%,52.10%,90.30%,2.00%,13.20%,90.30%,"$2,990 ","$1,205 ","$1,688 ",2.97,16.70%,97.20%,96.30%,50.60%,3.20%,66.20%,29.8,"$117,996 ",3.00%,"1,811","1,508.60"
Oradell,Oradell Borough,244.0,17.90%,49.80%,79.70%,1.60%,19.10%,88.00%,"$3,684 ","$1,500+","$1,588 ",2.93,21.50%,98.10%,96.60%,60.80%,5.00%,55.80%,37.5,"$146,103 ",2.20%,"1,123","3,291.30"
Palisades Park,Palisades Park Borough,245.0,14.00%,48.20%,28.80%,1.10%,63.80%,34.90%,"$3,157 ","$1,135 ","$1,476 ",2.73,78.90%,88.70%,88.20%,44.30%,2.60%,55.70%,33.7,"$64,684 ",12.00%,"2,631","15,685.10"
Paramus,Paramus Borough,246.0,23.40%,51.20%,66.90%,3.00%,29.60%,86.50%,"$3,123 ","$1,068 ","$1,987 ",3.01,41.10%,91.40%,91.20%,48.30%,4.20%,51.40%,32.0,"$117,087 ",2.40%,"4,448","2,516.00"
Park Ridge,Park Ridge Borough,247.0,20.50%,48.50%,90.80%,1.10%,12.70%,79.40%,"$3,416 ","$1,375 ","$1,420 ",2.58,17.00%,92.80%,95.00%,58.30%,5.00%,55.60%,32.0,"$118,560 ",2.30%,979,"3,348.20"
Ramsey,Ramsey Borough,248.0,16.40%,50.60%,90.20%,0.50%,13.70%,86.90%,"$3,250 ","$1,500+","$1,570 ",2.7,15.10%,95.50%,98.00%,69.70%,2.30%,63.10%,32.5,"$144,606 ",2.20%,"2,151","2,621.90"
Ridgefield,Ridgefield Borough,249.0,13.80%,49.40%,61.80%,1.20%,49.10%,48.50%,"$2,727 ","$1,050 ","$1,555 ",2.88,64.90%,92.10%,91.20%,38.00%,4.10%,59.70%,27.8,"$67,500 ",7.60%,"1,850","4,324.60"
Ridgefield Park,Ridgefield Park Village,250.0,13.00%,50.70%,74.50%,6.40%,35.20%,54.40%,"$2,666 ","$1,155 ","$1,325 ",2.72,49.50%,93.80%,92.60%,42.70%,4.60%,65.80%,32.1,"$80,450 ",7.90%,"1,193","7,387.70"
Ridgewood,Ridgewood Village,251.0,13.90%,52.40%,79.50%,1.90%,22.30%,77.60%,"$4,000+","$1,500+","$1,996 ",3.0,24.10%,96.20%,96.50%,75.40%,1.90%,53.80%,39.5,"$168,608 ",4.20%,"3,303","4,339.00"
River Edge,River Edge Borough,252.0,13.30%,51.30%,69.90%,2.10%,26.10%,74.70%,"$3,351 ","$1,260 ","$1,588 ",2.92,33.70%,95.30%,93.70%,59.90%,2.60%,65.10%,37.6,"$123,409 ",4.80%,"1,532","6,116.50"
Tenafly,Tenafly Borough,261.0,13.30%,51.00%,65.00%,3.20%,36.00%,77.70%,"$3,932 ","$1,500+","$1,807 ",3.16,44.00%,97.50%,97.00%,81.50%,1.60%,52.60%,43.9,"$159,722 ",3.70%,"2,270","3,148.90"
Waldwick,Waldwick Borough,264.0,17.20%,50.30%,88.60%,1.40%,13.30%,89.80%,"$2,855 ","$1,199 ","$2,006 ",2.78,15.40%,94.00%,94.90%,52.50%,3.50%,65.60%,28.2,"$119,434 ",4.40%,"1,075","4,656.50"
Wallington,Wallington Borough,265.0,15.00%,52.20%,87.30%,4.00%,44.60%,41.40%,"$2,756 ","$1,053 ","$1,232 ",2.47,61.80%,90.20%,90.90%,30.50%,5.10%,58.00%,28.9,"$65,212 ",10.60%,"1,191","11,531.00"
Westwood,Westwood Borough,267.0,19.00%,52.20%,82.00%,3.00%,21.20%,59.20%,"$2,900 ","$1,131 ","$1,748 ",2.52,26.70%,92.60%,93.00%,51.00%,5.20%,63.10%,35.6,"$102,938 ",6.30%,"1,346","4,813.80"
Wood Ridge,Wood-Ridge Borough,269.0,14.50%,52.40%,78.40%,3.10%,19.50%,69.00%,"$2,696 ","$1,054 ","$1,670 ",2.62,25.90%,93.10%,95.50%,41.60%,4.40%,64.40%,29.8,"$92,989 ",5.50%,653,"6,951.70"
Woodcliff Lake,Woodcliff Lake Borough,268.0,17.20%,53.40%,89.00%,3.20%,11.30%,89.10%,"$4,000+","$1,500+","$1,772 ",2.84,16.20%,94.70%,99.30%,72.10%,1.50%,59.00%,32.5,"$167,344 ",2.70%,905,"1,682.80"
Bordentown,Bordentown,303.0,14.20%,52.10%,76.50%,8.90%,14.90%,77.00%,"$2,319 ",$891 ,"$1,142 ",2.6,24.40%,94.00%,95.90%,41.40%,8.80%,62.30%,29.8,"$87,837 ",6.40%,959,"1,334.90"
Burlington,Burlington,305.0,13.70%,51.70%,54.40%,29.70%,14.10%,78.90%,"$2,259 ",$861 ,"$1,083 ",2.76,20.00%,92.20%,92.50%,33.20%,7.40%,69.60%,31.9,"$88,135 ",5.80%,"1,644","1,684.20"
Medford,Medford Township,320.0,20.10%,50.60%,92.90%,1.50%,5.50%,85.20%,"$2,759 ","$1,169 ","$1,318 ",2.71,5.40%,97.00%,97.60%,57.20%,6.60%,58.80%,32.9,"$120,541 ",2.30%,"2,687",591.8
Palmyra,Palmyra Borough,327.0,15.50%,51.20%,70.90%,17.50%,7.60%,70.10%,"$1,765 ",$821 ,"$1,351 ",2.45,12.30%,91.40%,94.00%,28.00%,7.40%,64.00%,26.9,"$70,714 ",10.30%,429,"3,968.90"
Pemberton,Pemberton Borough,328.0,13.90%,50.50%,62.70%,21.70%,7.80%,69.00%,"$1,586 ",$646 ,"$1,247 ",2.77,12.70%,89.60%,90.70%,15.80%,11.20%,58.60%,30.4,"$62,345 ",11.90%,884,455.5
Audubon,Audubon Borough,401.0,16.40%,51.90%,94.50%,3.90%,2.40%,71.90%,"$1,892 ",$991 ,$985 ,2.48,4.60%,91.40%,96.60%,35.80%,8.60%,69.40%,25.3,"$81,884 ",4.70%,688,"5,926.70"
Barrington,Barrington Borough,403.0,15.10%,51.10%,92.80%,2.10%,6.10%,62.60%,"$1,819 ",$986 ,$970 ,2.43,9.00%,87.20%,92.20%,36.80%,6.90%,66.50%,30.1,"$75,720 ",7.80%,578,"4,345.40"
Bellmawr,Bellmawr Borough,404.0,18.50%,49.40%,78.10%,2.00%,18.20%,61.00%,"$1,706 ",$816 ,$889 ,2.6,22.30%,86.00%,84.80%,18.00%,9.70%,57.90%,25.6,"$54,447 ",18.50%,644,"3,888.20"
Berlin,Berlin Borough,405.0,18.60%,53.00%,87.30%,4.10%,2.60%,86.30%,"$1,965 ",$891 ,"$1,183 ",2.67,5.50%,83.70%,91.10%,37.50%,8.60%,59.70%,31.0,"$93,261 ",5.80%,603,"2,114.80"
Camden,Camden,408.0,9.40%,52.10%,21.90%,42.40%,15.20%,39.00%,"$1,091 ",$469 ,$899 ,2.91,46.60%,76.20%,67.10%,9.10%,14.20%,54.20%,24.3,"$27,070 ",36.80%,"3,052","8,669.90"
Collingswood,Collingswood Borough,412.0,16.90%,50.80%,82.00%,12.00%,4.80%,50.40%,"$2,137 ","$1,090 ","$1,109 ",2.32,10.60%,92.90%,94.40%,44.90%,8.00%,69.20%,27.7,"$70,024 ",6.00%,"1,198","7,639.10"
Gloucester City,Gloucester City,414.0,11.00%,54.60%,78.30%,4.30%,5.40%,67.30%,"$1,402 ",$726 ,"$1,171 ",2.82,12.40%,86.40%,88.20%,18.50%,13.70%,59.90%,23.3,"$55,554 ",11.80%,400,"4,937.90"
Haddon Heights,Haddon Heights Borough,418.0,20.20%,53.20%,94.40%,1.20%,2.60%,81.40%,"$2,392 ","$1,055 ",$885 ,2.52,4.30%,90.60%,95.40%,54.60%,6.20%,61.20%,27.3,"$95,230 ",5.50%,681,"4,762.90"
Haddonfield,Haddonfield Borough,417.0,17.20%,50.20%,94.70%,0.60%,4.10%,86.10%,"$3,398 ","$1,500+","$1,296 ",2.7,4.10%,95.20%,99.30%,76.50%,3.10%,57.80%,28.1,"$145,850 ",1.70%,"1,624","4,105.20"
Runnemede,Runnemede Borough,430.0,14.50%,52.80%,81.80%,8.20%,7.90%,68.20%,"$1,715 ",$816 ,$919 ,2.61,12.30%,90.40%,90.10%,26.70%,8.90%,62.80%,25.8,"$61,859 ",9.10%,717,"4,116.70"
Somerdale,Somerdale Borough,431.0,16.30%,51.80%,61.30%,25.80%,7.50%,69.40%,"$1,760 ",$789 ,$939 ,2.52,11.50%,92.90%,92.40%,25.00%,10.40%,62.20%,26.7,"$70,951 ",9.30%,425,"3,713.80"
Stratford,Stratford Borough,432.0,14.40%,52.30%,80.80%,9.80%,7.70%,76.20%,"$2,000 ",$915 ,$962 ,2.63,8.90%,90.00%,95.80%,34.80%,11.60%,66.40%,29.2,"$80,233 ",7.70%,436,"4,547.80"
Cape May,Cape May,502.0,26.60%,51.10%,91.80%,4.90%,4.80%,77.60%,"$1,884 ",$775 ,"$1,112 ",2.28,9.10%,89.00%,91.20%,31.50%,9.20%,52.50%,22.7,"$63,690 ",10.30%,"10,928",386.9
Bridgeton,Bridgeton,601.0,6.90%,44.20%,51.20%,30.90%,22.10%,35.70%,"$1,416 ",$672 ,"$1,063 ",3.34,47.30%,72.80%,63.90%,5.40%,6.80%,56.80%,26.1,"$35,023 ",33.00%,968,"4,102.40"
Millville,Millville,610.0,15.80%,50.00%,74.60%,18.40%,4.10%,62.10%,"$1,642 ",$719 ,$947 ,2.53,12.50%,83.60%,83.60%,15.90%,11.20%,58.60%,24.0,"$52,352 ",19.20%,"1,666",676.2
Vineland,Vineland,614.0,16.10%,52.90%,70.20%,13.70%,12.50%,66.20%,"$1,610 ",$753 ,"$1,017 ",2.8,38.60%,83.90%,77.00%,17.70%,10.10%,56.30%,22.8,"$55,054 ",14.40%,"4,156",887.5
Caldwell,Caldwell Borough,703.0,16.60%,52.70%,88.00%,2.60%,13.80%,47.70%,"$3,135 ","$1,275 ","$1,421 ",2.26,15.10%,94.90%,94.60%,54.90%,3.00%,64.60%,28.6,"$87,727 ",7.90%,917,"6,708.40"
East Orange,East Orange,705.0,12.60%,53.90%,3.30%,85.30%,26.90%,25.90%,"$2,259 ","$1,057 ","$1,075 ",2.68,20.40%,87.20%,86.60%,18.40%,9.70%,64.90%,33.9,"$44,809 ",19.10%,"4,579","16,378.70"
Glen Ridge,Glen Ridge Borough,708.0,10.00%,49.50%,80.90%,5.70%,13.40%,94.30%,"$4,000+","$1,500+","$1,627 ",3.11,15.00%,96.40%,97.60%,73.00%,3.30%,61.10%,41.7,"$213,801 ",3.90%,971,"5,871.30"
Newark,Newark,714.0,10.00%,51.10%,26.10%,49.70%,30.60%,22.70%,"$2,122 ",$926 ,"$1,055 ",2.76,47.70%,82.10%,74.90%,14.80%,12.60%,58.70%,35.3,"$35,181 ",28.00%,"22,800","11,458.20"
Roseland,Roseland Borough,718.0,25.70%,52.30%,87.20%,0.00%,12.80%,80.80%,"$3,243 ","$1,368 ","$2,319 ",2.5,16.00%,89.00%,96.60%,64.80%,3.40%,59.20%,29.9,"$126,250 ",3.00%,803,"1,644.20"
Clayton,Clayton Borough,801.0,15.60%,49.60%,75.20%,14.80%,2.50%,78.90%,"$1,868 ",$738 ,"$1,186 ",2.72,5.50%,90.20%,88.30%,29.30%,10.80%,57.90%,35.2,"$66,766 ",5.70%,302,"1,145.50"
Paulsboro,Paulsboro Borough,814.0,14.00%,55.60%,69.70%,26.20%,6.40%,66.10%,"$1,398 ",$756 ,"$1,039 ",2.32,16.50%,82.40%,89.00%,14.00%,17.60%,51.90%,22.4,"$41,825 ",22.00%,275,"3,215.70"
Pitman,Pitman Borough,815.0,16.70%,52.20%,92.60%,2.30%,2.10%,72.90%,"$1,879 ",$930 ,"$1,119 ",2.6,4.40%,91.80%,95.60%,31.50%,8.10%,61.30%,32.2,"$75,791 ",9.20%,673,"3,976.60"
Woodbury,Woodbury,822.0,14.40%,53.70%,56.90%,30.90%,7.90%,55.60%,"$1,838 ",$971 ,"$1,070 ",2.52,11.20%,83.20%,89.60%,28.90%,13.10%,56.90%,31.0,"$53,281 ",21.20%,903,"5,064.20"
Bayonne,Bayonne,901.0,14.10%,50.20%,63.40%,11.50%,30.40%,38.00%,"$2,581 ","$1,215 ","$1,221 ",2.6,46.90%,87.90%,87.90%,35.40%,6.50%,57.30%,35.3,"$59,924 ",13.80%,"5,477","10,858.70"
Harrison,Harrison,904.0,9.20%,49.90%,51.30%,3.70%,53.60%,27.40%,"$2,577 ","$1,119 ","$1,398 ",2.75,73.80%,93.30%,82.80%,37.80%,5.70%,64.00%,34.9,"$65,550 ",15.80%,"1,336","11,321.70"
Hoboken,Hoboken,905.0,6.40%,50.30%,82.30%,3.10%,16.50%,32.70%,"$3,473 ","$1,500+","$2,231 ",2.06,21.30%,93.90%,94.40%,78.70%,3.70%,76.20%,39.6,"$136,402 ",9.10%,"5,946","39,219.60"
Jersey City,Jersey City,906.0,10.60%,50.60%,35.00%,23.90%,41.40%,28.70%,"$2,698 ","$1,045 ","$1,334 ",2.56,53.40%,89.90%,86.80%,46.10%,7.00%,60.90%,37.1,"$65,923 ",18.30%,"23,681","16,736.30"
Kearny,Kearny,907.0,12.90%,48.90%,67.90%,4.60%,43.50%,47.20%,"$2,520 ","$1,201 ","$1,243 ",2.94,63.30%,91.40%,81.80%,26.20%,6.60%,62.30%,31.3,"$67,348 ",11.00%,"3,536","4,636.40"
Secaucus,Secaucus,909.0,16.50%,51.30%,62.20%,3.60%,35.40%,55.80%,"$2,704 ",$994 ,"$1,597 ",2.56,47.90%,90.90%,89.30%,46.20%,5.50%,60.40%,31.5,"$101,184 ",6.70%,"2,046","2,793.50"
Union City,Union City,910.0,10.80%,50.90%,74.20%,4.70%,58.20%,19.70%,"$2,661 ","$1,208 ","$1,202 ",2.81,84.40%,86.60%,70.20%,20.50%,5.20%,59.70%,33.6,"$45,636 ",21.30%,"6,335","51,796.60"
West New York,West New York,912.0,12.40%,50.10%,60.30%,3.40%,61.10%,21.30%,"$2,384 ","$1,254 ","$1,287 ",2.67,83.00%,86.30%,74.50%,29.10%,5.70%,61.20%,37.2,"$54,512 ",20.20%,"4,252","49,362.50"
Clinton,Clinton,1005.0,12.00%,41.30%,77.10%,12.80%,8.40%,87.70%,"$2,642 ","$1,246 ","$1,811 ",2.66,11.00%,95.00%,94.80%,57.90%,4.80%,67.40%,33.1,"$140,125 ",3.10%,"1,302",451.1
Lebanon,Lebanon Borough,1018.0,17.40%,50.20%,94.90%,0.60%,3.50%,92.40%,"$2,327 ",$885 ,"$1,232 ",2.53,5.30%,95.30%,96.80%,53.70%,5.90%,69.40%,34.5,"$112,359 ",2.40%,528,209.4
Hightstown,Hightstown Borough,1104.0,17.00%,53.40%,77.50%,10.30%,28.70%,61.30%,"$2,283 ","$1,018 ","$1,401 ",2.72,35.40%,89.60%,82.40%,42.20%,4.10%,58.50%,25.4,"$78,079 ",14.10%,659,"4,536.70"
Hopewell,Hopewell Borough,1105.0,16.60%,50.30%,83.40%,4.80%,10.40%,90.80%,"$3,186 ","$1,301 ","$1,623 ",2.69,13.90%,96.20%,95.00%,66.60%,4.20%,61.90%,29.5,"$132,813 ",2.40%,"1,475",298.2
Princeton,Princeton,1114.0,16.30%,49.00%,73.10%,5.80%,27.00%,59.30%,"$4,000+","$1,500+","$1,563 ",2.54,33.20%,95.70%,96.20%,80.60%,3.70%,56.90%,26.9,"$138,194 ",5.80%,"1,584","6,677.70"
Trenton,Trenton,1111.0,9.80%,49.80%,41.10%,50.70%,23.30%,36.60%,"$1,487 ",$638 ,"$1,029 ",2.92,37.00%,79.10%,71.80%,11.70%,11.50%,55.40%,24.1,"$35,387 ",28.40%,"4,006","11,102.60"
Carteret,Carteret Borough,1201.0,11.90%,52.80%,53.10%,16.60%,32.00%,57.30%,"$2,188 ",$895 ,"$1,510 ",2.98,51.70%,84.80%,86.50%,24.50%,7.20%,57.20%,31.0,"$74,676 ",14.50%,"2,053","5,170.70"
Dunellen,Dunellen Borough,1203.0,10.50%,49.80%,64.60%,11.50%,22.60%,68.90%,"$2,604 ","$1,105 ","$1,267 ",2.86,34.80%,94.20%,91.40%,30.90%,5.70%,66.10%,32.7,"$69,868 ",10.20%,692,"6,896.00"
Highland Park,Highland Park Borough,1207.0,11.90%,52.40%,67.40%,10.10%,27.70%,42.40%,"$2,706 ","$1,263 ","$1,427 ",2.49,37.40%,94.50%,96.40%,69.20%,5.50%,67.20%,30.0,"$80,846 ",10.50%,"1,320","7,729.10"
Metuchen,Metuchen Borough,1209.0,16.00%,50.70%,72.40%,5.40%,20.20%,77.70%,"$2,700 ","$1,250 ","$1,644 ",2.66,26.70%,92.10%,96.20%,62.50%,4.30%,66.00%,37.2,"$124,317 ",1.60%,"1,664","4,911.00"
Middlesex,Middlesex Borough,1210.0,15.70%,50.00%,68.40%,7.30%,21.40%,71.40%,"$2,241 ","$1,051 ","$1,364 ",2.76,30.20%,92.10%,91.10%,26.80%,7.30%,65.00%,27.4,"$71,061 ",5.40%,"1,286","3,875.80"
Milltown,Milltown Borough,1211.0,14.60%,52.00%,92.30%,1.60%,13.70%,84.80%,"$2,554 ","$1,235 ","$1,485 ",2.85,16.60%,92.30%,95.40%,35.40%,5.50%,63.40%,30.1,"$102,738 ",6.30%,614,"4,444.20"
New Brunswick,New Brunswick,1213.0,5.70%,52.00%,64.20%,14.60%,34.00%,17.20%,"$1,956 ",$957 ,"$1,445 ",3.18,55.00%,85.70%,63.00%,21.70%,4.30%,44.10%,26.9,"$42,185 ",34.20%,"2,126","10,556.90"
Perth Amboy,Perth Amboy,1216.0,10.90%,50.20%,79.20%,8.40%,41.60%,29.30%,"$2,112 ",$965 ,"$1,304 ",3.21,79.90%,81.80%,70.40%,14.50%,8.40%,57.70%,24.7,"$53,011 ",18.30%,"4,087","10,806.90"
Sayreville,Sayreville Borough,1219.0,13.90%,51.20%,66.90%,12.10%,27.30%,63.50%,"$2,182 ",$907 ,"$1,240 ",2.68,35.00%,92.50%,90.00%,31.90%,6.70%,61.90%,34.2,"$78,155 ",6.90%,"3,626","2,695.60"
South Amboy,South Amboy,1220.0,15.70%,46.40%,82.70%,7.80%,13.60%,60.40%,"$2,400 ",$877 ,"$1,236 ",2.56,21.50%,85.40%,91.00%,26.50%,6.10%,65.00%,29.2,"$67,519 ",7.50%,597,"5,575.60"
South Plainfield,South Plainfield Borough,1222.0,16.30%,50.20%,61.80%,12.60%,24.00%,83.00%,"$2,338 ",$897 ,"$1,812 ",3.01,33.40%,92.80%,90.90%,35.10%,5.40%,63.10%,30.4,"$100,782 ",3.20%,"2,204","2,808.30"
South River,South River Borough,1223.0,13.80%,50.40%,79.90%,9.10%,30.00%,63.00%,"$2,323 ",$833 ,"$1,245 ",2.88,43.80%,86.20%,82.60%,24.40%,4.60%,66.10%,31.8,"$69,068 ",11.20%,"1,251","5,781.10"
Spotswood,Spotswood Borough,1224.0,19.60%,51.90%,88.20%,4.00%,11.90%,78.20%,"$2,266 ",$967 ,$927 ,2.48,13.80%,88.60%,92.80%,25.30%,5.60%,58.50%,33.5,"$76,055 ",6.70%,533,"3,642.30"
Asbury Park,Asbury Park,1304.0,11.60%,51.80%,38.60%,44.20%,19.30%,21.00%,"$2,284 ","$1,064 ","$1,231 ",2.29,28.10%,84.10%,84.50%,26.70%,13.50%,61.00%,28.1,"$41,336 ",28.60%,"1,068","11,317.40"
Belmar,Belmar Borough,1307.0,17.70%,44.00%,91.30%,3.60%,11.90%,48.90%,"$2,625 ","$1,123 ","$1,463 ",2.2,17.50%,90.50%,92.60%,50.20%,5.60%,65.80%,31.6,"$79,706 ",11.80%,698,"5,544.50"
Eatontown,Eatontown Borough,1312.0,16.20%,51.00%,73.40%,12.50%,20.00%,52.70%,"$2,184 ",$939 ,"$1,184 ",2.23,23.40%,91.10%,92.40%,34.40%,9.50%,65.10%,24.1,"$66,040 ",9.50%,"1,570","2,181.40"
Fair Haven,Fair Haven Borough,1314.0,11.50%,51.70%,95.30%,3.00%,3.50%,90.20%,"$3,539 ","$1,500+","$2,625 ",3.19,5.60%,98.10%,98.20%,72.10%,3.20%,57.30%,44.5,"$170,625 ",3.70%,543,"3,832.80"
Freehold,Freehold Borough,1316.0,12.10%,48.90%,67.70%,11.50%,30.80%,47.60%,"$2,147 ",$892 ,"$1,417 ",2.87,47.40%,85.20%,71.50%,20.70%,5.30%,63.80%,24.8,"$56,466 ",16.10%,843,"6,180.50"
Keansburg,Keansburg Borough,1323.0,13.50%,53.00%,81.10%,8.40%,9.60%,52.80%,"$1,748 ",$953 ,"$1,212 ",2.39,17.00%,84.00%,81.40%,18.00%,13.50%,64.00%,36.3,"$46,725 ",25.00%,351,"9,452.80"
Keyport,Keyport Borough,1324.0,17.10%,50.00%,76.40%,6.50%,13.90%,49.80%,"$2,054 ",$935 ,"$1,081 ",2.32,21.90%,83.60%,87.20%,21.30%,10.40%,54.10%,28.5,"$56,000 ",12.80%,565,"5,190.00"
Little Silver,Little Silver Borough,1325.0,19.60%,53.20%,98.50%,0.30%,8.00%,92.50%,"$3,329 ","$1,370 ","$2,308 ",2.79,7.30%,99.40%,99.30%,69.10%,2.60%,49.70%,39.9,"$162,232 ",1.40%,957,"2,197.20"
Long Branch,Long Branch,1327.0,15.10%,49.90%,67.00%,14.90%,30.70%,43.90%,"$2,282 ","$1,139 ","$1,290 ",2.56,43.60%,88.30%,83.00%,28.90%,7.90%,59.70%,29.2,"$58,232 ",19.10%,"2,802","5,824.60"
Matawan,Matawan Borough,1331.0,14.30%,50.80%,82.20%,7.80%,13.20%,65.20%,"$2,551 ","$1,139 ","$1,450 ",2.55,16.00%,93.80%,94.10%,44.20%,7.40%,64.40%,37.0,"$94,375 ",6.80%,912,"3,896.50"
Millstone Township,Millstone Township,1333.0,12.30%,50.20%,88.50%,1.80%,9.30%,95.00%,"$3,428 ","$1,500+","$1,489 ",3.19,12.00%,96.50%,95.10%,49.60%,5.30%,64.60%,45.6,"$162,449 ",4.60%,"1,103",288.8
Neptune,Neptune Township,1335.0,18.90%,51.20%,55.20%,34.40%,12.40%,64.40%,"$2,206 ",$876 ,"$1,293 ",2.45,15.30%,88.90%,90.30%,32.20%,10.40%,58.00%,24.9,"$72,925 ",10.90%,"2,491","3,414.20"
Oceanport,Oceanport Borough,1338.0,17.70%,49.00%,96.60%,0.40%,4.90%,85.20%,"$2,534 ","$1,113 ","$1,392 ",2.69,8.20%,91.70%,96.30%,52.50%,3.70%,54.10%,27.7,"$104,688 ",7.10%,693,"1,834.00"
Red Bank,Red Bank Borough,1339.0,13.20%,50.30%,68.30%,9.10%,26.00%,48.10%,"$2,498 ","$1,173 ","$1,493 ",2.33,35.60%,92.60%,81.60%,40.60%,5.70%,67.70%,29.6,"$69,620 ",14.10%,"2,233","7,019.00"
Rumson,Rumson Borough,1341.0,11.40%,50.80%,95.70%,0.80%,5.40%,91.90%,"$4,000+","$1,500+","$2,107 ",3.11,6.80%,95.90%,98.70%,71.00%,3.50%,46.10%,45.2,"$177,857 ",2.90%,814,"1,408.10"
West Long Branch,West Long Branch Borough,1353.0,14.40%,55.70%,91.30%,4.60%,7.00%,76.70%,"$2,757 ","$1,124 ","$1,586 ",2.73,11.70%,92.40%,92.10%,42.30%,3.50%,57.10%,24.3,"$104,566 ",6.20%,848,"2,833.10"
Boonton,Boonton,1401.0,13.10%,49.40%,78.30%,5.30%,20.60%,62.40%,"$2,692 ","$1,236 ","$1,354 ",2.62,26.40%,93.00%,91.90%,47.10%,5.20%,72.90%,27.5,"$88,633 ",5.30%,929,"3,574.70"
Butler,Butler Borough,1403.0,16.50%,49.40%,91.70%,0.60%,19.00%,64.60%,"$2,566 ","$1,114 ","$1,312 ",2.62,25.80%,95.50%,95.70%,36.70%,5.00%,69.20%,30.1,"$95,917 ",3.80%,886,"3,702.80"
Chester,Chester Borough,1406.0,13.90%,49.40%,89.60%,1.50%,10.90%,95.00%,"$3,652 ","$1,500+","$2,680 ",2.86,13.80%,95.50%,98.60%,71.40%,4.60%,58.10%,39.1,"$160,625 ",1.60%,"1,097",266.8
Dover,Dover,1409.0,10.20%,49.10%,61.30%,8.80%,47.00%,46.40%,"$2,109 ",$811 ,"$1,350 ",3.28,69.50%,88.50%,78.70%,16.70%,6.10%,67.40%,24.6,"$70,412 ",12.70%,"1,426","6,764.90"
Florham Park,Florham Park Borough,1411.0,19.70%,51.40%,82.80%,4.40%,14.00%,69.70%,"$3,196 ","$1,178 ","$2,347 ",2.52,17.80%,93.40%,96.20%,69.20%,4.80%,60.90%,27.6,"$127,695 ",7.40%,"1,559","1,604.80"
Lincoln Park,Lincoln Park Borough,1416.0,18.10%,51.70%,90.80%,2.40%,14.20%,76.20%,"$2,401 ","$1,170 ","$1,651 ",2.68,21.90%,94.50%,93.40%,37.00%,6.30%,61.60%,28.6,"$92,346 ",3.40%,"1,061","1,649.10"
Madison,Madison Borough,1417.0,13.80%,52.30%,85.60%,4.10%,15.60%,68.20%,"$3,583 ","$1,349 ","$1,674 ",2.68,19.20%,92.60%,96.10%,68.60%,3.60%,61.60%,29.5,"$133,125 ",6.00%,"2,287","3,768.10"
Mendham,Mendham Borough,1418.0,12.60%,50.60%,91.80%,1.20%,9.30%,93.10%,"$4,000+","$1,500+","$1,821 ",2.97,8.10%,93.80%,98.60%,74.20%,3.40%,53.30%,31.6,"$182,022 ",2.50%,729,328.4
Morris Plains,Morris Plains Borough,1423.0,17.80%,49.60%,92.50%,1.60%,9.60%,85.60%,"$2,778 ","$1,108 ","$2,165 ",2.67,11.80%,94.20%,97.10%,61.30%,4.60%,65.50%,30.2,"$125,333 ",1.10%,698,"2,163.50"
Morristown,Morristown,1424.0,13.70%,50.30%,76.30%,8.80%,30.50%,37.20%,"$2,694 ","$1,180 ","$1,770 ",2.24,36.10%,91.10%,89.20%,55.40%,4.80%,70.80%,24.0,"$95,885 ",5.90%,"2,864","6,285.80"
Mount Arlington,Mount Arlington Borough,1426.0,23.00%,52.10%,88.60%,6.70%,11.30%,70.20%,"$2,355 ","$1,124 ","$1,885 ",2.32,12.80%,94.90%,97.00%,42.40%,1.60%,62.70%,39.1,"$89,063 ",0.90%,326,"2,325.00"
Pompton Plains,Pequannock Township,1431.0,13.20%,49.00%,86.90%,1.60%,22.20%,72.50%,"$2,707 ","$1,208 ","$1,512 ",2.79,30.10%,91.30%,94.00%,36.50%,5.70%,71.30%,29.0,"$97,782 ",5.90%,"1,235","3,809.50"
Rockaway,Rockaway Borough,1434.0,19.00%,49.70%,85.40%,4.10%,23.20%,69.80%,"$2,408 ","$1,059 ","$1,348 ",2.62,27.70%,91.80%,92.50%,35.30%,3.50%,65.40%,27.6,"$87,083 ",4.70%,943,"3,107.10"
Wharton,Wharton Borough,1439.0,13.40%,50.90%,55.80%,1.30%,33.70%,51.00%,"$2,270 ",$941 ,"$1,431 ",2.78,55.60%,88.80%,86.00%,27.00%,6.50%,60.80%,26.4,"$69,271 ",4.50%,498,"3,039.10"
Barnegat,Barnegat Township,1501.0,27.10%,51.70%,89.90%,7.40%,6.70%,87.30%,"$1,988 ",$853 ,"$1,570 ",2.62,10.50%,91.00%,93.50%,24.00%,6.10%,48.80%,35.8,"$72,665 ",7.00%,"1,047",609
Point Pleasant Beach,Point Pleasant Beach Borough,1526.0,16.40%,52.20%,98.30%,0.30%,4.70%,79.60%,"$2,338 ",$946 ,"$1,452 ",2.48,6.30%,94.90%,96.60%,42.10%,5.80%,66.50%,30.8,"$92,278 ",5.00%,"2,113","5,271.40"
Bloomingdale,Bloomingdale Borough,1601.0,16.10%,54.20%,89.20%,2.50%,12.00%,66.00%,"$2,402 ","$1,178 ","$1,612 ",2.74,18.70%,90.80%,93.80%,37.90%,6.20%,65.10%,29.0,"$89,471 ",8.80%,554,878.6
Clifton,Clifton,1602.0,15.20%,51.80%,66.10%,6.40%,35.00%,58.90%,"$2,592 ","$1,133 ","$1,375 ",2.9,54.10%,86.70%,88.20%,33.00%,5.00%,61.10%,28.6,"$74,307 ",9.70%,"9,338","7,472.10"
Haledon,Haledon Borough,1603.0,11.90%,53.30%,70.10%,12.90%,33.60%,46.00%,"$2,404 ","$1,137 ","$1,383 ",3.05,55.60%,91.40%,88.60%,27.50%,5.60%,61.30%,26.5,"$64,057 ",16.00%,630,"7,201.70"
Hawthorne,Hawthorne Borough,1604.0,15.50%,49.20%,88.40%,3.40%,15.60%,60.40%,"$2,667 ","$1,178 ","$1,478 ",2.7,27.30%,92.40%,90.70%,36.80%,4.80%,64.90%,26.0,"$96,250 ",4.30%,"2,092","5,636.20"
Passaic,Passaic,1607.0,9.30%,48.80%,57.80%,8.20%,38.50%,22.80%,"$2,592 ","$1,225 ","$1,177 ",3.55,76.00%,74.60%,66.10%,15.90%,5.70%,48.60%,26.3,"$36,226 ",31.90%,"4,682","22,180.90"
Paterson,Paterson,1608.0,10.70%,51.80%,29.30%,26.50%,38.50%,26.30%,"$2,348 ","$1,075 ","$1,175 ",3.21,62.80%,77.60%,73.40%,10.80%,5.00%,52.70%,24.1,"$39,282 ",28.10%,"10,323","17,346.80"
Ringwood,Ringwood Borough,1611.0,16.70%,50.50%,88.50%,2.20%,9.80%,95.40%,"$2,733 ","$1,210 ","$1,801 ",3.04,14.60%,97.40%,93.30%,46.10%,6.00%,62.50%,35.9,"$128,093 ",1.60%,"1,223",485
Totowa,Totowa Borough,1612.0,19.90%,53.90%,85.20%,3.50%,20.90%,83.20%,"$2,749 ","$1,024 ","$1,596 ",3.02,32.40%,91.10%,91.50%,33.20%,9.80%,59.10%,27.0,"$101,321 ",5.00%,"1,797","2,705.10"
Wanaque,Wanaque Borough,1613.0,22.40%,49.50%,86.40%,3.80%,17.30%,85.30%,"$2,548 ","$1,299 ","$1,542 ",2.74,20.90%,94.40%,92.60%,34.20%,6.60%,53.90%,33.7,"$90,091 ",5.60%,874,"1,391.20"
Bernardsville,Bernardsville Borough,1803.0,12.60%,46.60%,87.60%,0.00%,18.10%,85.80%,"$3,843 ","$1,500+","$1,848 ",2.88,18.30%,95.70%,97.90%,73.40%,2.20%,60.60%,33.3,"$159,909 ",3.60%,"1,166",597.2
Bound Brook,Bound Brook Borough,1804.0,9.50%,50.50%,83.60%,4.70%,31.50%,50.00%,"$2,286 ",$958 ,"$1,384 ",2.92,53.20%,89.00%,82.80%,18.50%,4.90%,64.90%,25.2,"$69,467 ",6.40%,671,"6,270.00"
Manville,Manville Borough,1811.0,15.20%,53.10%,87.90%,3.60%,19.00%,66.20%,"$2,027 ",$944 ,"$1,351 ",2.72,24.10%,82.80%,91.10%,15.60%,8.30%,63.90%,24.6,"$69,654 ",9.00%,587,"4,381.20"
Raritan,Raritan Borough,1816.0,15.10%,53.20%,74.60%,1.80%,28.90%,57.00%,"$2,228 ","$1,007 ","$1,667 ",2.65,34.60%,86.20%,91.60%,36.30%,5.40%,64.00%,26.6,"$78,404 ",5.70%,834,"3,452.60"
Somerville,Somerville Borough,1818.0,12.90%,49.30%,66.10%,9.70%,28.00%,49.00%,"$2,350 ","$1,079 ","$1,378 ",2.68,30.40%,90.30%,90.50%,44.20%,5.40%,61.50%,23.7,"$75,718 ",6.00%,"1,304","5,190.00"
Watchung,Watchung Borough,1821.0,22.10%,54.70%,80.60%,1.00%,17.30%,77.50%,"$3,646 ","$1,500+","$1,534 ",3.08,26.90%,90.60%,97.80%,55.20%,5.00%,50.70%,38.7,"$153,341 ",3.80%,822,962.7
Hopatcong,Hopatcong Borough,1912.0,13.70%,50.70%,89.10%,3.90%,12.50%,83.30%,"$2,126 ",$930 ,"$1,382 ",2.57,18.00%,94.40%,95.30%,28.40%,8.70%,65.70%,37.5,"$84,213 ",3.60%,"1,099","1,395.50"
Newton,Newton,1915.0,17.90%,49.20%,87.60%,5.00%,13.80%,47.50%,"$2,091 ",$989 ,"$1,137 ",2.27,16.20%,85.70%,89.50%,24.10%,12.90%,56.20%,27.9,"$59,661 ",13.60%,738,"2,542.00"
Elizabeth,Elizabeth,2004.0,9.90%,49.70%,45.00%,18.60%,46.20%,24.40%,"$2,511 ","$1,139 ","$1,146 ",3.12,74.80%,83.50%,73.90%,13.20%,6.70%,62.20%,26.6,"$46,975 ",18.40%,"11,483","10,144.40"
Fanwood,Fanwood Borough,2005.0,15.90%,53.50%,86.20%,3.60%,13.20%,87.60%,"$2,912 ","$1,298 ","$2,811 ",2.94,13.90%,94.10%,99.00%,63.70%,2.40%,61.90%,39.4,"$133,452 ",2.50%,629,"5,453.10"
Kenilworth,Kenilworth Borough,2008.0,17.40%,50.20%,80.10%,2.10%,19.60%,79.70%,"$2,440 ","$1,055 ","$1,415 ",2.88,35.00%,92.90%,88.80%,28.70%,3.90%,57.10%,29.0,"$98,624 ",7.10%,907,"3,669.00"
Linden,Linden,2009.0,14.10%,52.20%,52.70%,31.20%,34.00%,56.90%,"$2,393 ","$1,066 ","$1,262 ",2.89,50.90%,87.40%,86.00%,22.50%,7.40%,62.50%,30.1,"$68,870 ",9.20%,"4,384","3,793.80"
Mountainside,Mountainside Borough,2010.0,25.80%,52.40%,87.70%,1.90%,13.70%,89.90%,"$3,248 ","$1,500+","$1,858 ",2.74,17.00%,92.90%,95.90%,53.80%,2.90%,52.50%,32.3,"$125,694 ",1.80%,"1,383","1,667.90"
New Providence,New Providence Borough,2011.0,14.80%,51.00%,80.60%,1.00%,16.60%,77.70%,"$3,433 ","$1,500+","$1,634 ",2.86,21.30%,95.30%,97.50%,69.40%,2.80%,58.70%,36.2,"$134,141 ",3.30%,"1,133","3,343.70"
Plainfield,Plainfield,2012.0,11.60%,50.30%,24.00%,42.30%,37.70%,46.20%,"$2,391 ","$1,113 ","$1,167 ",3.22,48.80%,82.00%,74.10%,17.70%,5.50%,61.60%,31.3,"$57,334 ",19.60%,"2,949","8,269.60"
Rahway,Rahway,2013.0,12.90%,51.10%,51.20%,29.40%,26.00%,58.50%,"$2,344 ","$1,082 ","$1,322 ",2.61,38.70%,89.60%,88.40%,28.40%,8.80%,64.60%,31.9,"$74,164 ",7.60%,"2,113","7,017.20"
Roselle,Roselle Borough,2014.0,15.20%,52.50%,22.30%,53.10%,29.80%,55.60%,"$2,314 ","$1,121 ","$1,136 ",2.86,42.40%,83.60%,87.10%,20.40%,6.60%,65.00%,31.0,"$61,804 ",10.00%,"1,404","7,953.60"
Roselle Park,Roselle Park Borough,2015.0,11.60%,50.70%,62.50%,7.60%,27.20%,58.40%,"$2,569 ","$1,107 ","$1,227 ",2.67,44.20%,89.80%,89.70%,37.40%,6.10%,65.30%,30.2,"$71,846 ",6.40%,855,"10,793.00"
Summit,Summit,2018.0,12.90%,51.40%,80.10%,3.90%,25.60%,70.70%,"$4,000+","$1,500+","$1,816 ",2.83,30.50%,93.50%,95.20%,71.00%,3.00%,58.70%,36.2,"$146,755 ",4.80%,"2,559","3,579.10"
Westfield,Westfield,2020.0,14.10%,52.30%,84.70%,3.00%,11.10%,83.20%,"$3,768 ","$1,500+","$1,663 ",2.87,14.00%,93.90%,97.60%,73.40%,3.20%,58.50%,40.5,"$168,721 ",2.90%,"3,135","4,512.00"
Hackettstown,Hackettstown,2108.0,16.80%,51.60%,84.10%,3.30%,17.50%,54.80%,"$2,384 ",$987 ,"$1,143 ",2.55,23.60%,90.30%,91.10%,34.70%,7.90%,62.70%,29.0,"$67,273 ",12.20%,827,"2,695.90"
Phillipsburg,Phillipsburg,2119.0,13.60%,52.00%,77.30%,11.50%,10.60%,54.50%,"$1,568 ",$625 ,$958 ,2.47,15.30%,85.80%,83.00%,18.20%,12.20%,61.20%,30.8,"$53,514 ",17.40%,837,"4,682.10"
Washington,Washington Borough,2121.0,11.10%,51.20%,85.00%,6.40%,10.40%,51.40%,"$1,899 ",$962 ,"$1,122 ",2.45,14.40%,91.00%,86.90%,21.40%,6.30%,71.30%,35.9,"$64,754 ",7.40%,647,"3,327.00"
