Rank,School,Address,City,Zip,Latitude,Longitude,EduScore
1,Academy for Mathematics Science and Engineering,520 West Main Street,Rockaway,7866,40.926798,-74.50624,500
2,Marine Academy of Technology and Environmental Science,195 Cedar Bridge Road,Manahawkin,8050,39.707575,-74.25933,499
3,Middlesex County Vocational Academy Math Science &Engineering Techn,100 Technology Drive,Edison,8837,40.595552000000005,-74.55174,498
4,Academy For Allied Health Sciences,1776 Raritan Road,Scotch Plains,7076,40.637152,-74.37493,496
5,Union County Magnet High School,1776 Raritan Road,Scotch Plains,7076,40.637152,-74.37493,495
6,Academy For Information Technology,1776 Raritan Road,Scotch Plains,7076,40.637152,-74.37493,494
7,Middlesex County Vocational Academy Allied Health & Biomedical Science,1 Convery Boulevard,Woodbridge,7095,40.557103999999995,-74.28316,493
8,Dr Ronald McNair High School,123 Coles Street,Jersey City,7302,40.695552,-74.22856,491
9,Communications High School,1740 New Bedford Road,Wall,7719,40.415902,-74.08689,490
10,Monmouth County Academy of Allied Health and Science,2325 Heck Avenue,Neptune,7753,40.208945,-74.05261,489
11,Marine Academy Of Science And Technology,305 Mast Way,Highlands,7732,40.404474,-73.9904,488
12,Biotechnology High School,5000 Kozloski Road,Freehold,7728,40.241036,-74.27629,486
13,High Technology High School,765 Newman Springs Road,Lincroft,7738,40.337374,-74.12059,485
14,Bergen County Academies,200 Hackensack Avenue,Hackensack,7601,40.888678000000006,-74.0488,484
15,Academy For Performing Arts,1776 Raritan Road,Scotch Plains,7076,40.637152,-74.37493,483
16,Bergen County Technical High School - Teterboro,504 Route 46 West,Teterboro,7608,40.853722999999995,-74.05986999999999,482
17,Infinity Institute,193 Old Bergen Road,Jersey City,7305,40.695552,-74.22856,480
18,Union County Technical,1776 Raritan Rd,Scotch Plains,7076,40.637152,-74.37493,479
19,Morris County School of Technology,400 East Main Street,Denville,7834,40.886148999999996,-74.48704000000001,478
20,West Windsor-Plainsboro High School North,90 Grovers Mill Road,Plainsboro,8536,40.333709999999996,-74.58511999999999,477
21,Kinnelon High School,121 Kinnelon Road,Kinnelon,7405,40.99313,-74.35893,475
22,Ridge High School,268 South Finley Avenue,Basking Ridge,7920,40.6789,-74.57039,474
23,Science Park High School,260 Norfolk Street,Newark,7102,40.736101,-74.22509000000001,473
24,Technology High School,223 Broadway,Newark,7102,40.736101,-74.22509000000001,472
25,Mountain Lakes High School,96 Powerville Rd.,Mountain Lakes,7046,40.892021,-74.44022,470
26,West Windsor-Plainsboro High School South,346 Clarksville Road,West Windsor,8550,40.292358,-74.60902,469
27,Montgomery High School,1016 Route 601,Skillman,8558,40.410154999999996,-74.70725999999999,468
28,Summit High School,125 Kent Place Blvd,Summit,7901,40.714501,-74.3633,467
29,Millburn High School,462 Millburn Ave,Millburn,7041,40.724168,-74.29913,466
30,Northern Valley Regional High School at Old Tappan,140 Central Avenue,Old Tappan,7675,40.99904,-74.03291,464
31,Ridgewood High School,627 East Ridgewood Ave,Ridgewood,7451,40.983996999999995,-74.11438000000001,463
32,John P. Stevens High School,855 Grove Avenue,Edison,8820,40.516104,-74.39754,462
33,Glen Ridge High School,200 Ridgewood Ave,Glen Ridge,7028,40.80495,-74.2047,461
34,New Providence High School,35 Pioneer Dr,New Providence,7974,40.698268,-74.40225,459
35,Mahwah High School,50 Ridge Road,Mahwah,7430,41.077102000000004,-74.16147,458
36,West Morris Central High School,259 Bartley Road,Chester,7930,40.786549,-74.68799,457
37,Madison High School,170 Ridgedale Avenue,Madison,7940,40.75875,-74.41609,456
38,Chatham High School,255 Lafayette Avenue,Chatham,7928,40.7332,-74.39735999999999,454
39,North Hunterdon High School,1445 State Route 31,Annandale,8801,40.624538,-74.89118,453
40,Mount Olive High School,18 Corey Road,Flanders,7836,40.84405,-74.70134,452
41,Tenafly High School,19 Columbus Drive,Tenafly,7670,40.921690000000005,-73.96481999999999,451
42,Northern Valley Regional High School At Demarest,150 Knickerbocker Road,Demarest,7627,40.955603,-73.96044,450
43,Haddonfield Memorial High School,401 Kings Highway East,Haddonfield,8033,39.895213,-75.04019,448
44,North Star Academy Charter School,10 Washington Place,Newark,7102,40.736101,-74.22509000000001,447
45,Dumont High School,101 New Milford Ave,Dumont,7628,40.945173,-73.99342,446
46,Northern Highlands Regional High School,298 Hillside Ave,Allendale,7401,41.031504999999996,-74.13409,445
47,Fair Lawn High School,14 00 Berdan Avenue,Fair Lawn,7410,40.933943,-74.11671,443
48,Scotch Plains-Fanwood High School,667 Westfield Road,Scotch Plains,7076,40.637152,-74.37493,442
49,Princeton High School,151 Moore Street,Princeton,8540,40.357439,-74.64922,441
50,Hunterdon Central Regional High School District,84 Route 31,Flemington,8822,40.515645,-74.85319,440
51,Park Ridge High School,2 Park Ave,Park Ridge,7656,41.034672,-74.04065,438
52,Metuchen High School,400 Grove Ave,Metuchen,8840,40.543354,-74.3587,437
53,Bridgewater-Raritan High School,600 Garretson Road,Bridgewater,8807,40.588097,-74.62253,436
54,Central Jersey College Prep Charter School,101 Mettlers Road,Somerset,8873,40.505253,-74.50723,435
55,Livingston High School,30 Robert Harp Drive,Livingston,7039,40.788733,-74.32134,433
56,Pompton Lakes High School,44 Lakeside Avenue,Pompton Lakes,7442,40.99948,-74.28806999999999,432
57,John F. Scarpa Technical Education Center of Cumberland Coun,3400 College Drive,Vineland,8360,39.492265,-75.01886999999999,431
58,Gloucester County Institute of Technology,1360 Tanyard Road,Sewell,8080,39.74953,-75.10637,430
59,Monroe Township High School,200 Schoolhouse Road,Monroe Township,8831,40.336508,-74.43302,429
60,Leonia High School,100 Christie Heights Street,Leonia,7605,40.862685,-73.98550999999999,427
61,West Morris Mendham High School,65 East Main Street,Mendham,7945,40.782767,-74.59529,426
62,Glen Rock High School,400 Hamilton Avenue,Glen Rock,7452,40.961109,-74.12576,425
63,Parsippany High School,309 Baldwin Rd,Parsippany,7054,40.860149,-74.4171,424
64,Point Pleasant Beach High School,700 Trenton Avenue,Point Pleasant Beach,8742,40.081165000000006,-74.06003,422
65,River Dell Regional High School,55 Pyle Street,Oradell,7649,40.953126,-74.03379,421
66,Randolph High School,511 Millbrook Avenue,Randolph,7869,40.847649,-74.5748,420
67,Hillsborough High School,466 Raider Boulevard,Hillsborough,8844,40.502477,-74.650023,419
68,Voorhees High School,256 County Route 513,Glen Gardner,8826,40.716332,-74.91405,417
69,High Technical High School,1 High Tech Way,Secaucus,7094,40.7885,-74.06,416
70,Pascack Hills High School,225 West Grand Avenue,Montvale,7645,41.048997,-74.04052,415
71,South Plainfield High School,200 Lake Street,South Plainfield,7080,40.580703,-74.41401,414
72,Montville Township High School,100 Horseneck Road,Montville,7045,40.906152,-74.36742,413
73,Performing Arts Academy of the Ocean County Vocational Technical,Route 547,Lakehurst,8733,40.017117,-74.30490999999999,411
74,Emerson Junior Senior High,131 Main Street,Emerson,7630,40.97514,-74.02725,410
75,Liberty High School,299 Sip Avenue,Jersey City,7306,40.695552,-74.22856,409
76,Wayne Hills High School,272 Berdan Avenue,Wayne,7470,40.943608000000005,-74.25004,408
77,Paramus High School,99 East Century Road,Paramus,7652,40.947107,-74.07047,406
78,New Milford High School,330 River Road,New Milford,7646,40.936211,-74.0188,405
79,Cranford High School,201 West End Place,Cranford,7016,40.656302000000004,-74.30371,404
80,Ramsey High School,256 E Main Street,Ramsey,7446,41.058819,-74.14238,403
81,Westwood Junior/Senior High School,701 Ridgewood Road,Township Of Washington,7676,40.989508,-74.061302,401
82,Ramapo High School,331 George Street,Franklin Lakes,7417,41.010433,-74.20846999999999,400
83,Westfield Senior High School,550 Dorian Road,Westfield,7090,40.649202,-74.34567,399
84,Matawan Regional High School,450 Atlantic Avenue,Aberdeen,7747,40.411102,-74.23767,398
85,Fort Lee High School,3000 Lemoine Ave,Fort Lee,7024,40.849879,-73.97501,397
86,Cherry Hill High School East,1750 Kresson Rd.,Cherry Hill,8003,39.932279,-75.02266,395
87,Morris Hills High School,520 West Main Street,Rockaway,7866,40.926798,-74.50624,394
88,Passaic County Technical Institute,45 Reinhardt Road,Wayne,7470,40.943608000000005,-74.25004,393
89,Wayne Valley High School,551 Valley Road,Wayne,7470,40.943608000000005,-74.25004,392
90,James Caldwell High School,265 Westville Ave,West Caldwell,7006,40.848999,-74.27917,390
91,Robbinsville High School,155 Robbinsville Edinburg Rd,Robbinsville,8691,40.003861,-74.61775,389
92,Rancocas Valley Regional High School,520 Jacksonville Road,Mount Holly,8060,39.991562,-74.79746999999999,388
93,Hackettstown High School,599 Warren Street,Hackettstown,7840,40.861748,-74.83054,387
94,Indian Hills High School,97 Yawpo Ave,Oakland,7436,41.028884000000005,-74.23727,385
95,Elizabeth High School - Frank J Cicarell Academy,40 Morrell Street,Elizabeth,7202,40.669502,-74.19889,384
96,Moorestown High School,350 Bridgeboro Road,Moorestown,8057,39.968962,-74.9489,383
97,County Prep High School,525 Montgomery Street,Jersey City,7306,40.695552,-74.22856,382
98,Point Pleasant Borough High School,Laura Herbert Dr,Point Pleasant Beach,8742,40.081165000000006,-74.06003,381
99,Marlboro High School,95 North Main Street,Marlboro,7746,40.316876,-74.26111999999999,379
100,South Brunswick High School,750 Ridge Road,Monmouth Junction,8852,40.389428,-74.54329,378
101,Hopewell Valley Central High School,259 Pennington Titusville Rd,Pennington,8534,40.32315,-74.78364,377
102,Ridgefield Memorial High School,555 Walnut St,Ridgefield,7657,40.832421000000004,-74.00399,376
103,Red Bank Regional High School,101 Ridge Road,Little Silver,7739,40.33517,-74.04059000000001,374
104,Clearview Regional High School,625 Breakneck Rd,Mullica Hill,8062,39.716939,-75.21987,373
105,Allentown High School,27 High Street,Allentown,8501,40.164556,-74.57785,372
106,Morris Knolls High School,50 Knoll Drive,Denville,7834,40.886148999999996,-74.48704000000001,371
107,Sparta High School,70 West Mountain Road,Sparta,7871,41.035384,-74.63557,369
108,Bernards High School,25 Olcott Avenue,Bernardsville,7924,40.723440000000004,-74.57753000000001,368
109,Waldwick High School,155 Wyckoff Avenue,Waldwick,7463,41.013109,-74.12231,367
110,Middlesex High School,300 John F. Kennedy Drive,Middlesex,8846,40.574552000000004,-74.50187,366
111,Cedar Grove High School,90 Rugby Road,Cedar Grove,7009,40.855854,-74.22898,365
112,Montclair High School,100 Chestnut St,Montclair,7042,40.81315,-74.21576,363
113,Somerset County Vocational Technical High School,14 Vogt Drive,Bridgewater,8807,40.588097,-74.62253,362
114,Manasquan High School,167 Broad Street,Manasquan,8736,40.120261,-74.05765,361
115,Pascack Valley High School,200 Piermont Avenue,Hillsdale,7642,41.007389,-74.04247,360
116,Hammonton High School,566 Old Forks Road,Hammonton,8037,39.625291,-74.77705,358
117,Parsippany Hills High School,20 Rita Drive,Morris Plains,7950,40.842399,-74.48223,357
118,Jefferson Township High School,1010 Weldon Rd Rd2,Oak Ridge,7438,41.029555,-74.5071,356
119,Middletown High School South,900 Nut Swamp Road,Middletown,7748,40.410213,-74.11718,355
120,Lodi High School,99 Putnam Street,Lodi,7644,40.877998999999996,-74.08265,353
121,Columbia High School,17 Parker Ave,Maplewood,7040,40.728901,-74.26821,352
122,Verona High School,151 Fairview Ave,Verona,7044,40.832449,-74.24226999999999,351
123,Phillipsburg High School,1 Stateliner Blvd.,Phillipsburg,8865,40.689122999999995,-75.17243,350
124,Pequannock Township High School,85 Sunset Road,Pompton Plains,7444,40.964548,-74.29813,349
125,Lakeland Regional High School,205 Conklintown Road,Wanaque,7465,41.052958000000004,-74.28236,347
126,East Orange STEM Academy High School,129 Renshaw Avenue,East Orange,7017,40.770933,-74.20589,346
127,Cresskill High School,1 Lincoln Dr,Cresskill,7626,40.942074,-73.96504,345
128,Spotswood High School,105 Summerhill Road,Spotswood,8884,40.39159,-74.39329000000001,344
129,Midland Park Junior/Senior High School,250 Prospect St,Midland Park,7432,40.993120000000005,-74.14286,342
130,Bergen Arts and Sciences Charter School,200 MacArthur Avenue,Garfield,7026,40.879858,-74.10807,341
131,Somerville High School,222 Davenport St.,Somerville,8876,40.545853,-74.63592,340
132,Secaucus High School,11 Mill Ridge Road,Secaucus,7094,40.7885,-74.06,339
133,Bogota Junior/Senior High School,2 Henry C Luthin Place,Bogota,7603,40.873876,-74.02769,337
134,Butler High School,38 Bartholdi Avenue,Butler,7405,40.99313,-74.35893,336
135,Haddon Township High School,406 Memorial Avenue,Westmont,8108,39.915263,-75.06401,335
136,Wallington Junior Senior High School,234 Main Ave,Wallington,7057,40.852931,-74.10925,334
137,Bergenfield High School,80 S Prospect Ave,Bergenfield,7621,40.923747999999996,-73.99879,333
138,Cicely L. Tyson Community Middle/High School,35 Winans Street,East Orange,7017,40.770933,-74.20589,331
139,Mainland Regional High School,1301 Oak Avenue,Linwood,8221,39.348616,-74.57387,330
140,Henry Hudson Regional School,1 Grand Tour,Highlands,7732,40.404474,-73.9904,329
141,Bard Early College High School,321 Bergen Street,Newark,7103,40.736101,-74.22509000000001,328
142,Holmdel High School,36 Crawfords Corner Road,Holmdel,7733,40.384832,-74.17194,326
143,Vernon Township High School,1832 Route 565,Vernon,7462,41.193708,-74.5089,325
144,Wall High School,1630 18th Ave,Wall,7719,40.415902,-74.08689,324
145,Teaneck High School,100 Elizabeth Ave,Teaneck,7666,40.890964000000004,-74.01115,323
146,Hasbrouck Heights High School,365 Boulevard,Hasbrouck Heights,7604,40.86289,-74.07506,321
147,Cinnaminson High School,1197 Riverton Road,Cinnaminson,8077,39.862433,-74.72507900000001,320
148,West Essex High School,65 West Greenbrook Rd,North Caldwell,7006,40.848999,-74.27917,319
149,Highland Park High School,102 North Fifth Avenue,Highland Park,8904,40.500254,-74.4257,318
150,Rutherford High School,56 Elliott Pl,Rutherford,7070,40.828922,-74.11064,317
151,Shawnee High School,600 Tabernacle Road,Medford,8055,39.865272,-74.8185,315
152,Foundation Academy Charter School,363 West State Street,Trenton,8608,40.280530999999996,-74.712018,314
153,Alexander Hamilton Preparatory Academy,310 Cherry St,Elizabeth,7208,40.695552,-74.22856,313
154,Whippany Park High School,165 Whippany Road,Whippany,7981,40.821482,-74.42648,312
155,Governor Livingston High School,175 Watchung Boulevard,Berkeley Heights,7922,40.675112,-74.43459,310
156,Monmouth Regional High School,One Norman J Field Way,Tinton Falls,7724,40.301978999999996,-74.06889,309
157,Jonathan Dayton High School,139 Mountain Ave.,Springfield,7081,40.701801,-74.32216,308
158,Watchung Hills Regional High School,108 Stirling Rd.,Warren,7059,40.633652000000005,-74.5008,307
159,Eastern Regional High School,1401 Laurel Oak Road,Voorhees,8043,39.851969,-74.96128,305
160,Lyndhurst High School,400 Weart Avenue,Lyndhurst,7071,40.808415999999994,-74.12111,304
161,Toms River High School East,1225 Raider Way,Toms River,8753,39.974584,-74.15141,303
162,Lenape High School,235 Hartford Road,Medford,8055,39.865272,-74.8185,302
163,Cherokee High School,120 Tomlinson Mill Road,Marlton,8053,39.884879999999995,-74.90416,300
164,Manalapan High School,20 Church Lane,Englishtown,7726,40.294244,-74.34213000000001,299
165,Toms River High School North,1245 Old Freehold Road,Toms River,8753,39.974584,-74.15141,298
166,Lawrence High School,2525 Princeton Pike,Lawrenceville,8648,40.003861,-74.61775,297
167,Shore Regional High School,132 Monmouth Park Highway 36,West Long Branch,7764,40.289984999999994,-74.01671,296
168,North Warren Regional School,10 Noe Rd,Blairstown,7825,40.96035,-74.96243,294
169,Nutley High School,300 Franklin Ave,Nutley,7110,40.8196,-74.15876999999999,293
170,Colts Neck High School,59 Five Points Road,Colts Neck,7722,40.300226,-74.18306,292
171,Hackensack High School,First & Beech Streets,Hackensack,7601,40.888678000000006,-74.0488,291
172,Freehold Borough High School,2 Robertsville Road,Freehold,7728,40.241036,-74.27629,289
173,Old Bridge High School,4209 Route 516,Matawan,7747,40.411102,-74.23767,288
174,Pinelands Regional High School,565 Nugentown Road,Little Egg Harbor,8087,39.59899,-74.36573,287
175,East Brunswick High School,380 Cranbury Road,E Brunswick,8816,40.434239,-74.40504,286
176,Essex County Newark Technical,91 West Market Street,Newark,7103,40.736101,-74.22509000000001,284
177,Freehold Township High School,281 Elton Adelphia Road,Freehold,7728,40.241036,-74.27629,283
178,Collingswood High School,424 Collings Ave,Collingswood,8108,39.915263,-75.06401,282
179,New Egypt High School,117 Evergreen Road,New Egypt,8533,40.075185,-74.48433,281
180,Union City High School,2500 Kennedy Blvd,Union City,7087,40.767751000000004,-74.0302,280
181,Bayonne High School,669 Avenue A,Bayonne,7002,40.666552,-74.11768000000001,278
182,Ocean City High School,501 Atlantic Avenue,Ocean City,8226,39.265371,-74.59380999999999,277
183,Piscataway Township High School,100 Behmer Road,Piscataway,8854,40.555355,-74.46094000000001,276
184,Florence Township Memorial High School,1050 Cedar Lane,Burlington,8016,40.06834,-74.84463000000001,275
185,Southern Regional High School,90 Cedar Bridge Road,Manahawkin,8050,39.707575,-74.25933,273
186,Manville High School,1100 Brooks Boulevard,Manville,8835,40.538903000000005,-74.59222,272
187,Lenape Valley Regional High School,28 Sparta Road,Stanhope,7874,40.917054,-74.71053,271
188,Atlantic County Institute of Technology,5080 Atlantic Avenue,Mays Landing,8330,39.478771,-74.7581,270
189,Hightstown High School,25 Leshin Lane,Hightstown,8520,40.262809000000004,-74.53246,268
190,Woodstown High School,140 East Avenue,Woodstown,8098,39.637838,-75.32396,267
191,Roselle Park High School,185 W Webster Ave,Roselle Park,7204,40.665552000000005,-74.26768,266
192,Egg Harbor Township High School,24 High School Drive,Egg Harbor Township,8234,39.398171999999995,-74.59666999999999,265
193,Absegami High School,201 S Wrangleboro Road,Galloway,8205,38.963652,-74.92319,264
194,Franklin High School,500 Elizabeth Avenue,Somerset,8873,40.505253,-74.50723,262
195,Dover High School,100 Grace Street,Dover,7801,40.889165999999996,-74.55462,261
196,Kingsway Regional High School,201 Kings Highway,Woolwich Twp,8085,39.753088,-75.32687,260
197,Dwight Morrow High School/Academies@Englewood,274 Knickerbocker Rd,Englewood,7631,40.893343,-73.9758,259
198,Edison High School,50 Boulevard Of The Eagles,Edison,8817,40.516104,-74.39754,257
199,Rumson-Fair Haven Regional High School,74 Ridge Road,Rumson,7760,40.369145,-73.99576,256
200,John F. Kennedy Memorial High School,200 Washington Avenue,Iselin,8830,40.571504,-74.3183,255
201,Pitman High School,225 Linden Avenue,Pitman,8071,39.730964,-75.13009,254
202,Burlington County Institute of Technology - Westampton,695 Woodlane Road,Westampton,8060,39.991562,-74.79746999999999,252
203,Wood-Ridge Junior/Senior High School,258 Hackensack St,Wood Ridge,7075,40.847638,-74.08754,251
204,High Point Regional High School District,299 Pidgeon Hill Road,Sussex,7461,41.229754,-74.60203,250
205,Boonton High School,306 Lathrop Avenue,Boonton,7005,40.912797999999995,-74.41516,249
206,Great Oaks Legacy Charter School,24 Maiden Lane,Newark,7102,40.736101,-74.22509000000001,248
207,Ridgefield Park Junior Senior High School,1 Ozzie Nelson Drive,Ridgefield Park,7660,40.856749,-74.02278000000001,246
208,Brick Township Memorial High School,2001 Lanes Mill Rd,Brick,8724,40.042479,-74.123,245
209,Roxbury High School,One Bryant Drive,Succasunna,7876,40.855548999999996,-74.65250999999999,244
210,Union County TEAMS Charter School,515 517 West Fourth Street,Plainfield,7060,40.620102,-74.42481,243
211,Hanover Park High School,63 Mt Pleasant Avenue,East Hanover,7936,40.820012,-74.36474,241
212,Belvidere High School,809 Oxford Street,Belvidere,7823,40.82383,-75.04585,240
213,Lower Cape May Regional High School,687 Rt 9,Cape May,8204,38.963652,-74.92319,239
214,Newton High School,44 Ryerson Avenue,Newton,7860,41.0714,-74.80199,238
215,West Orange High School,51 Conforti Ave,West Orange,7052,40.78865,-74.25541,236
216,Seneca High School,110 Carranza Road,Tabernacle,8088,39.871699,-74.70528,235
217,North Arlington High School,222 Ridge Road,North Arlington,7031,40.791895000000004,-74.13254,234
218,Warren Hills Regional High School,41 Jackson Valley Road,Washington,7882,40.753753,-74.99616999999999,233
219,Wallkill Valley Regional High School,10 Grumm Road,Hamburg,7419,41.156187,-74.57094000000001,232
220,Howell High School,405 Squankum Yellowbrook Road,Farmingdale,7727,40.205366999999995,-74.15767,230
221,South River High School,11 Montgomery Street,South River,8882,40.445006,-74.38179000000001,229
222,Northern Burlington County Regional High School,160 Mansfield Road East,Columbus,8022,40.079952,-74.70684,228
223,Carteret High School,199 Washington Avenue,Carteret,7008,40.582504,-74.22997,227
224,Arts High School,550 M L King Blvd,Newark,7102,40.736101,-74.22509000000001,225
225,School of Health Science,5-7 Colt St,Paterson,7505,40.912198,-74.16863000000001,224
226,Essex County Donald M. Payne Senior School of Technology,498-544 West Market St,Newark,7107,40.736101,-74.22509000000001,223
227,Central Regional High School,509 Forest Hills Parkway,Bayville,8721,39.902851,-74.16037,222
228,Plainfield Academy For The Arts & Advanced Studies,1700 West Front St,Plainfield,7063,40.620102,-74.42481,220
229,Middletown High School North,63 Tindall Road,Middletown,7748,40.410213,-74.11718,219
230,Salem County Career and Technical High School,880 Route 45,Woodstown,8098,39.637838,-75.32396,218
231,Dunellen High School,411 First Street,Dunellen,8812,40.594502,-74.47166,217
232,Kittatinny Regional High School,77 Halsey Road,Newton,7860,41.0714,-74.80199,216
233,Camden County Technical School-GTC,343 Berlin Cross Keys Road,Sicklerville,8081,39.741385,-74.99035,214
234,Delaware Valley Regional High School,19 Senator Stout Rd,Frenchtown,8825,40.509997999999996,-75.03239,213
235,West Milford High School,67 Highlander Drive,West Milford,7480,41.102569,-74.37047,212
236,North Brunswick Township High School,98 Raider Road,North Brunswick,8902,40.453131,-74.48286999999999,211
237,Saddle Brook Middle/High School,355 Mayhill Street,Saddle Brook,7663,40.904131,-74.09474,209
238,Barnegat High School,180 Bengal Blvd,Barnegat,8005,39.759581,-74.27398000000001,208
239,Henry P. Becton Regional High School,120 Paterson Avenue,East Rutherford,7073,40.830158000000004,-74.09707,207
240,West Deptford High School,1600 Old Crown Point Rd,West Deptford,8093,39.861413,-75.13284,206
241,Lacey Township High School,73 Haines Street,Lanoka Harbor,8734,39.862864,-74.16624,204
242,Brick Township High School,346 Chambers Bridge Rd,Brick,8723,40.042479,-74.123,203
243,Cedar Creek High School,1701 New York Ave.,Egg Harbor City,8215,39.548049,-74.62171,202
244,Clifton High School,333 Colfax Avenue,Clifton,7013,40.879699,-74.14263000000001,201
245,Delsea Regional High School,242 Fries Mill Rd,Franklinville,8322,39.618221999999996,-75.0618,200
246,Toms River High School South,55 Hyers Street,Toms River,8753,39.974584,-74.15141,198
247,Raritan High School,419 Middle Road,Hazlet,7730,40.423297999999996,-74.179,197
248,Passaic Valley Regional High School,170 East Main Street,Little Falls,7424,40.886628,-74.21405,196
249,Maple Shade High School,180 Frederick Ave,Maple Shade,8052,39.952212,-74.99464,195
250,Washington Township High School,519 Hurffville Crosskeys Rd,Sewell,8080,39.74953,-75.10637,193
251,Bloomfield High School,160 Broad Street,Bloomfield,7003,40.803000000000004,-74.18895,192
252,Sayreville War Memorial High School,820 Washington Road,Parlin,8859,40.461851,-74.30343,191
253,Hamilton East - Steinert,2900 Klockner Road,Hamilton,8690,40.003861,-74.61775,190
254,Bordentown Regional High School,318 Ward Ave,Bordentown,8505,40.132784,-74.71778,188
255,Hawthorne High School,160 Parmelee Avenue,Hawthorne,7506,40.957498,-74.15626999999999,187
256,Memorial Senior High School,375 River Dr,Elmwood Park,7407,40.905639,-74.1199,186
257,Jackson Memorial High School,101 Don Connor Boulevard,Jackson,8527,40.115970000000004,-74.32251,185
258,Sussex County Technical School,105 North Church Road,Sparta,7871,41.035384,-74.63557,183
259,Weehawken High School,53 Liberty Place,Weehawken,7086,40.769796,-74.022351,182
260,Ocean Township High School,550 West Park Avenue,Oakhurst,7755,40.263575,-74.02176,181
261,TEAM Academy Charter School,60 Park Place,Newark,7102,40.736101,-74.22509000000001,180
262,Haddon Heights Junior/Senior High School,301 Second Avenue,Haddon Heights,8035,39.879129999999996,-75.06599,179
263,Cliffside Park High School,64 Riverview Avenue,Cliffside Park,7010,40.82154,-73.98949,177
264,Audubon Junior/Senior High School,350 Edgewood Avenue,Audubon,8106,39.892213,-75.07212,176
265,Gloucester City Junior Senior High School,1300 Market Street,Gloucester City,8030,39.891113,-75.11836,175
266,Cape May County Technical High SChool,188 Crest Haven Rd,Cape May Court House,8210,39.081754,-74.83658,174
267,Essex County West Caldwell Technical,620 Passaic Ave,West Caldwell,7006,40.848999,-74.27917,172
268,Burlington Township High School,610 Fountain Avenue,Burlington,8016,40.06834,-74.84463000000001,171
269,Burlington County Institute of Technology - Medford,10 Hawkin Road,Medford,8055,39.865272,-74.8185,170
270,Arthur L. Johnson High School,365 Westfield Avenue,Clark,7066,40.620336,-74.30934,169
271,Jackson Liberty High School,125 North Hope Chapel Road,Jackson,8527,40.115970000000004,-74.32251,167
272,Delran High School,50 Hartford Road,Delran,8075,40.029361,-74.9541,166
273,The Barack Obama Green Charter High School,35 Watchung ave,Plainfield,7060,40.620102,-74.42481,165
274,Timber Creek Regional High School,501 Jarvis Road,Erial,8081,39.741385,-74.99035,164
275,Clayton High School,55 Pop Kramer Blvd,Clayton,8312,39.655964000000004,-75.08736,163
276,Burlington City High School,100 Blue Devil WAy,Burlington,8016,40.06834,-74.84463000000001,161
277,Palisades Park Junior-Senior High School,Veterans Plaza,Palisades Park,7650,40.845742,-73.99479000000001,160
278,Memorial High School,5501 Park Ave,West New York,7093,40.7895,-74.01223,159
279,Morristown High School,50 Early Street,Morristown,7960,40.79215,-74.48559,158
280,Sterling High School,501 South Warwick Road,Somerdale,8083,39.842613,-75.02496,156
281,Willliamstown High School,700 N Tuckahoe Rd,Williamstown,8094,39.647597999999995,-74.95926999999999,155
282,William L Dickinson High School,2 Palisade Ave,Jersey City,7306,40.695552,-74.22856,154
283,Rosa L. Parks School of Fine and Performing Arts,413 12th Avenue,Paterson,7514,41.011428,-74.304793,153
284,Buena Regional High School,125 Weymouth Road,Buena,8310,39.522686,-74.89684,151
285,Union High School,2350 North Third Street,Union,7083,40.695401000000004,-74.26933000000001,150
286,Middlesex County Vocational School East Brunswick,112 Rues Lane,East Brunswick,8816,40.434239,-74.40504,149
287,Linden High School,121 W St George Ave,Linden,7036,40.633953000000005,-74.25339,148
288,Triton Regional High School,250 Schubert Ave,Runnemede,8078,39.850013,-75.0767,147
289,South Amboy Middle/High School,200 Governor Harold G Hoffman,South Amboy,8879,40.469606,-74.27669,145
290,Colonia High School,East Street,Colonia,7067,40.591653,-74.31341,144
291,Hopatcong High School,2A Windsor Ave,Hopatcong,7843,40.937206,-74.66147,143
292,University High School,55 Clinton Pl,Newark,7108,40.736101,-74.22509000000001,142
293,American History High School,74 Montgomery St,Newark,7103,40.736101,-74.22509000000001,140
294,Camden County Technical School-Pennsauken,6008 Browning Road,Pennsauken,8109,39.949979,-75.05024,139
295,Arthur P. Schalick High School,718 Centerton Road,Pittsgrove,8318,39.553504,-75.16843,138
296,Passaic County-Manchester Regional High School,70 Church Street,Haledon,7508,40.945198,-74.18285999999999,137
297,Middlesex County Vocational School Perth Amboy,457 High Street,Perth Amboy,8861,40.520105,-74.27708,135
298,Hamilton North - Nottingham,1055 Klockner Road,Hamilton,8619,40.280530999999996,-74.712018,134
299,Chartertech High School for the Performing Arts,413 New Road,Somers Point,8244,39.319901,-74.5999,133
300,Hoboken Charter School,713 Washington St,Hoboken,7030,40.744851000000004,-74.03294,132
301,Ewing High School,900 Parkway Ave,Ewing,8618,40.280530999999996,-74.712018,131
302,Middlesex County Vocational School Piscataway,21 Suttons Lane,Piscataway,8854,40.555355,-74.46094000000001,129
303,Hoboken High School,Ninth & Clinton Sts,Hoboken,7030,40.744851000000004,-74.03294,128
304,Keyport High School,351 Broad Street,Keyport,7735,40.439714,-74.19374,127
305,North Plainfield Middle School,34 Wilson Avenue,North Plainfield,7060,40.620102,-74.42481,126
306,Cumberland Regional High School,90 Silver Lake Road,Bridgeton,8302,39.445164,-75.24215,124
307,Bound Brook High School,111 West Union Avenue,Bound Brook,8805,40.567953,-74.54034,123
308,Lincoln High School,60 Crescent Ave,Jersey City,7304,40.695552,-74.22856,122
309,Long Branch High School,404 Indiana Avenue,Long Branch,7740,40.297932,-73.99096999999999,121
310,Leap Academy University Charter School,130 North Broadway,Camden,8102,39.80237,-74.938259,119
311,Kearny High School,336 Devon St,Kearny,7032,40.763051000000004,-74.13718,118
312,Millville Senior High School,200 Wade Blvd,Millville,8332,39.379382,-75.03923,117
313,Orange High School,400 Lincoln Ave,Orange,7050,40.7683,-74.23603,116
314,Belleville High School,100 Passaic Ave,Belleville,7109,40.7935,-74.16144,115
315,James J Ferris High School,35 Colgate St,Jersey City,7302,40.695552,-74.22856,113
316,North Bergen High School,7417 Kennedy Blvd,North Bergen,7047,40.7946,-74.01963,112
317,Palmyra High School,5th & Weart Boulevard,Palmyra,8065,40.00278,-75.02626,111
318,Academy for Urban Leadership Charter School,612 Amboy Ave,Perth Amboy,8861,40.520105,-74.27708,110
319,Hillside High School,1085 Liberty Ave,Hillside,7205,40.695552,-74.22856,108
320,Oakcrest High School,1824 Dr Dennis Foreman Drive,Mays Landing,8330,39.478771,-74.7581,107
321,Dr. Charles E. Brimm Medical Arts High School,1626 Copewood Street,Camden,8103,39.80237,-74.938259,106
322,Perth Amboy High School,300 Eagle Ave,Perth Amboy,8861,40.520105,-74.27708,105
323,Highland Regional High School,450 Erial Road,Blackwood,8012,39.784614000000005,-75.05678,103
324,International High School,200 Grand Street,Paterson,7501,40.912198,-74.16863000000001,102
325,Woodbury Junior-Senior High School,25 N. Broad Street,Woodbury,8096,39.830313000000004,-75.13221,101
326,Gateway Regional High School,775 Tanyard Rd,Woodbury Hts,8096,39.830313000000004,-75.13221,100
327,Glassboro High School,560 Joseph L Bowe Blvd,Glassboro,8028,39.700008000000004,-75.11950999999999,99
328,New Brunswick High School,1000 Somerset St,New Brunswick,8901,40.488304,-74.44775,97
329,Harrison High School,401 Kingsland Avenue,Harrison,7029,40.745951,-74.15509,96
330,Atlantic City High School,1400 N Albany Avenue,Atlantic City,8401,39.364965999999995,-74.43903,95
331,Vineland Senior High School,2880 E Chestnut Ave,Vineland,8360,39.492265,-75.01886999999999,94
332,Winslow Township High School,10 Cooper Folly Road,Atco,8004,39.769357,-74.87264,92
333,Woodbridge High School,25 Samuel Lupo Place,Woodbridge,7095,40.557103999999995,-74.28316,91
334,Neptune High School,55 Neptune Boulevard,Neptune,7753,40.208945,-74.05261,90
335,Wildwood High School,4300 Pacific Ave,Wildwood,8260,38.987556,-74.822,89
336,Deptford Township High School,575 S Fox Run Rd,Deptford,8096,39.830313000000004,-75.13221,87
337,M.E.T.S. Charter School,211 Sherman Ave,Jersey City,7307,40.695552,-74.22856,86
338,Middle Township High School,300 East Atlantic Avenue,Cape May Court House,8210,39.081754,-74.83658,85
339,Lakewood High School,855 Somerset Avenue,Lakewood,8701,40.082782,-74.2094,84
340,Abraham Clark High School,122 East 6th Ave,Roselle,7203,40.653502,-74.26058,83
341,Ocean County Vocational Technical School Waretown Center,423 Wells Mills Road,Waretown,8758,39.784513000000004,-74.22376,81
342,Hamilton West-Watson,2720 South Clinton Avenue,Hamilton,8610,40.280530999999996,-74.712018,80
343,Warren County Vocational Technical School,1500 Route 57,Washington,7882,40.753753,-74.99616999999999,79
344,Pennsville Memorial High School,110 S Broadway,Pennsville,8070,39.645377,-75.51923000000001,78
345,Marion P. Thomas Charter School,88-108 Shipman Street,Newark,7102,40.736101,-74.22509000000001,76
346,Henry Snyder High School,239 Bergen Ave,Jersey City,7305,40.695552,-74.22856,75
347,Peoples Preparatory Charter School,321 Bergen Street,Newark,7103,40.736101,-74.22509000000001,74
348,Pennsauken High School,800 Hylton Road,Pennsauken,8110,39.966812,-75.05681,73
349,David Brearley Middle/High School,401 Monroe Avenue,Kenilworth,7033,40.674652,-74.2908,71
350,Rahway High School,1012 Madison Ave,Rahway,7065,40.607103,-74.28099,70
351,Garfield High School,500 Palisade Ave,Garfield,7026,40.879858,-74.10807,69
352,University Academy Charter High School,275 West Side Avenue,Jersey City,7305,40.695552,-74.22856,68
353,Salem High School,219 Walnut St,Salem,8079,39.549912,-75.43943,67
354,Overbrook Senior High School,1200 Turnersville Road,Pine Hill,8021,39.810485,-74.99574,65
355,Paterson Charter School for Science/Technology,196 West Railway Avenue,Paterson,7503,40.912198,-74.16863000000001,64
356,Lindenwold High School,801 Egg Harbor Road,Lindenwold,8021,39.810485,-74.99574,63
357,Creative Arts Morgan Village Academy,990 Morgan Boulevard,Camden,8104,39.918663,-75.10976,62
358,Passaic High School No. 12,170 Paulison Ave.,Passaic,7055,40.857384,-74.12899,60
359,Irvington High School,1253 Clinton Ave,Irvington,7111,40.725651,-74.23207,59
360,Cherry Hill High School West,2101 Chapel Ave.,Cherry Hill,8034,39.895213,-75.04019,58
361,Paulo Freire Charter School,28 Burnet Street,Newark,7102,40.736101,-74.22509000000001,57
362,Manchester Township High School,101 S Colonial Dr,Manchester,8759,39.943540999999996,-74.36949,55
363,School Of Science Technology Engineering And Mathematics,61-127 Preakness Avenue,Paterson,7502,40.912198,-74.16863000000001,54
364,Memorial High School,504 East Broad Street,Millville,8332,39.379382,-75.03923,53
365,Pemberton Township High School,148 Arneys Mount Road,Pemberton,8068,39.961183,-74.66266,52
366,Thomas Jefferson Arts Academy,27 Martin Luther King Jr Plaza,Elizabeth,7201,40.669502,-74.19889,50
367,Newark Early College High School,403 South Orange Avenue,Newark,7103,40.736101,-74.22509000000001,49
368,East Side High School,238 Van Buren St,Newark,7105,40.736101,-74.22509000000001,48
369,Trenton Central High School - Main Campus,171 Division Street,Trenton,8611,40.280530999999996,-74.712018,47
370,Bridgeton High School,111 N West Avenue,Bridgeton,8302,39.445164,-75.24215,46
371,Eagle Academy for Young Men of Newark,279 Chancellor Avenue,Newark,7112,40.725651,-74.23207,44
372,Asbury Park High School,1001 Sunset Avenue,Asbury Park,7712,40.232713000000004,-74.03143,43
373,Bergen County Technical High School - Paramus,E.285 Pascack Road,Paramus,7652,40.947107,-74.07047,42
374,John E. Dwyer Technology Academy,123 Pearl St,Elizabeth,7202,40.669502,-74.19889,41
375,School Of Earth And Space Science,201 Memorial Drive,Paterson,7505,40.912198,-74.16863000000001,39
376,Newark Vocational High School,403 South Orange Avenue,Newark,7103,40.736101,-74.22509000000001,38
377,Central High School,250 18th Avenue,Newark,7103,40.736101,-74.22509000000001,37
378,Admiral William F. Halsey Junior Health & Public Safety Academy,641 South Street,Elizabeth,7202,40.669502,-74.19889,36
379,Keansburg High School,140 Port Monmouth Road,Keansburg,7734,40.444407,-74.13298,34
380,Pleasantville High School,701 Mill Road,Pleasantville,8232,39.394616,-74.52212,33
381,Academy Charter High School,1725 Main Street,Lake Como,7719,40.415902,-74.08689,32
382,Riverside High School,112 E Washington Street,Riverside,8075,40.029361,-74.9541,31
383,Weequahic High School,279 Chancellor Ave,Newark,7112,40.725651,-74.23207,30
384,School Of Information Technology,150 Park Avenue,Paterson,7501,40.912198,-74.16863000000001,28
385,East Orange Campus High School,344 Prospect Street,East Orange,7017,40.770933,-74.20589,27
386,Barringer Academy of S.T.E.A.M.,90 Parker Street,Newark,7104,40.736101,-74.22509000000001,26
387,Barringer Arts High School,90 Parker St,Newark,7104,40.736101,-74.22509000000001,25
388,Thomas A. Edison Career and Technical Academy,625 Summer St,Elizabeth,7202,40.669502,-74.19889,23
389,School of Government and Public Administration,150 Park Avenue,Paterson,7501,40.912198,-74.16863000000001,22
390,Camden High School,1875 Park Boulevard,Camden,8103,39.80237,-74.938259,21
391,Plainfield High School,950 Park Avenue,Plainfield,7060,40.620102,-74.42481,20
392,Newark Prep Charter School,570 Broad St.,Newark,7102,40.736101,-74.22509000000001,18
393,Penns Grove High School,334 Harding Highway,Carneys Point,8069,39.712593,-75.46906,17
394,Paulsboro High School,670 N Delaware St,Paulsboro,8066,39.833156,-75.23773,16
395,Daylight/Twilight High School,501 Edgewood Avenue,Trenton,8618,40.280530999999996,-74.712018,15
396,School Of Culinary Arts Hospitality And Tourism,150 Park Avenue,Paterson,7501,40.912198,-74.16863000000001,14
397,Malcolm X Shabazz High School,80 Johnson Ave,Newark,7108,40.736101,-74.22509000000001,12
398,School of Business Technology Marketing and Finance,61-127 Preakness Avenue,Paterson,7502,40.912198,-74.16863000000001,11
399,Willingboro High School,20 Jfk Way,Willingboro,8046,40.029011,-74.88257,10
400,School Of Architecture And Construction Trades,61-127 Preakness Avenue,Paterson,7502,40.912198,-74.16863000000001,9
401,Woodrow Wilson High School,3100 Federal Street,Camden,8105,39.918663,-75.10976,7
402,Camden Big Picture Learning Academy,1725 Park Boulevard,Camden,8103,39.80237,-74.938259,6
403,Middlesex County Vocational School East Bruns. School of Career Develop,112 Rues Lane,East Brunswick,8816,40.434239,-74.40504,5
404,School Of Education And Training,61-127 Preakness Avenue,Paterson,7502,40.912198,-74.16863000000001,4
405,Alternative High School,350 Market Street,Paterson,7501,40.912198,-74.16863000000001,2
406,UPLIFT Academy,150 Newton St,Newark,7103,40.736101,-74.22509000000001,1
